ID,pm2_5
ID_UOH62J0XHX,44.268856
ID_4OPWSB0UHJ,74.75894
ID_3SLMNNG1Z3,72.986145
ID_MFUHTXYPM4,70.95407
ID_TY1DAND8ZP,82.83343
ID_1G270NSQ7O,60.951496
ID_OLV7RAEKGP,40.043335
ID_2JQD8OKWXK,63.345108
ID_3PC4T4W9JW,62.944916
ID_TYK7E1D8DN,79.03837
ID_R1WW15T5LT,63.40401
ID_O8UUHB8DKP,74.89208
ID_IXSSO19IJX,57.611305
ID_8X0QTNB7A2,74.89652
ID_JROQ2AABRT,34.890846
ID_1KRJM4ENT5,63.723854
ID_HRL7K5KPBU,79.03213
ID_3UTEJWPM7N,31.540125
ID_XRYR12FBYP,40.06407
ID_2H6QCJ2YD7,48.967796
ID_GZ63OJOJZY,71.57469
ID_9Z87TVPT30,37.708656
ID_XWOWCZ4RJC,73.98251
ID_HMTU9VXHSD,56.716625
ID_6QBGNPFSOG,48.111225
ID_1R91EAFMNT,62.580532
ID_F7WJTZBFO8,59.13279
ID_Y0GK0VPRAF,86.89191
ID_Y4D3QTZE98,9.774993
ID_XB5WV935HI,61.645126
ID_2NLTF3MQM6,67.51198
ID_MQC7UTXAIA,63.477695
ID_OGTJANDL2E,38.53847
ID_WY0MFYITBV,56.01725
ID_I03RWBD01Y,54.109512
ID_T6C32N83XZ,85.47886
ID_UO4JGFTNYN,74.01193
ID_TLGKYPE57L,80.374695
ID_180TGTH9JT,63.333946
ID_6CW0GWGP38,52.52314
ID_PSXFY2WRY2,38.6637
ID_RMWNZSTWP1,69.1796
ID_MIUHMB3XW0,58.099953
ID_0A4IE4DAGX,48.973396
ID_8BVM18K7NS,45.002678
ID_5ZOT2BBIXF,60.132984
ID_V0T3SAHM0K,80.34352
ID_6UHR0WHZCM,32.3483
ID_EMJE7MNR76,68.3338
ID_LJTYGGU3O0,61.947014
ID_P01OEMX18D,74.74245
ID_LB5HKF4UMZ,57.20886
ID_OM7E52AXLV,44.657856
ID_WIBFBE1A2M,58.672165
ID_R4YCBZ1K5R,60.17793
ID_FVYVM7SYO8,68.75051
ID_2U6LHJMUBY,73.06288
ID_SMKXAKHJU7,77.4485
ID_1P6K0SCZBU,78.19968
ID_1PFYD5BYTC,69.891426
ID_0OTDGIB0F0,76.21923
ID_GACD2TLO2E,60.607677
ID_MGI2BLFTGC,61.672955
ID_HHRX2CYTAA,24.825438
ID_BO5Y2EFB1X,68.95154
ID_H7LV4G8O5Z,72.543434
ID_TDJVP5CGHE,56.012356
ID_ELM73KJJTG,70.5069
ID_96VK3G9SQS,58.60054
ID_P60DVQ5TW9,36.013054
ID_HUMW2QIMC7,61.647724
ID_Q81SOISJBI,64.980774
ID_RUZD9JM3ME,64.81675
ID_WL2HRK7G1F,47.620102
ID_PKFWCGJ684,79.68053
ID_RKQ1GZV1BM,77.32051
ID_4537KW6C3A,63.35624
ID_ORTJVX4OLA,63.360764
ID_E489UOSV2T,53.50985
ID_4AO2VOWK3L,64.86267
ID_U8I0ROJ22N,63.694195
ID_WUSRAB8B27,51.5031
ID_V80HG4ZF5D,66.299934
ID_KUQA7C67HE,58.228477
ID_7IPGEJ2U8U,77.41492
ID_AV5E4FYZTS,19.230337
ID_FR4HH9VUFB,46.867
ID_W2BM1DX5O3,72.168976
ID_MWKWQL9OTK,72.84614
ID_7PE0SD0C48,70.414734
ID_5WH0GNLFHM,51.94236
ID_W4S9WRFJ4J,76.76195
ID_XS4LT0DSZ8,57.362778
ID_W6ZYBZ92DU,57.553513
ID_F2K44TATG0,37.749752
ID_6B2ET0B86P,86.354004
ID_C9E3GE0WC8,62.97914
ID_6YU5I8KK45,74.46617
ID_BUGTNRCI81,86.72598
ID_9C9FBIQ0NL,70.10038
ID_SL5BOD4AOX,50.87165
ID_7SVXUORZ50,76.98461
ID_INZCTLF2HK,79.4861
ID_NYP9KB685J,69.53762
ID_2NYG3LEVBU,74.50917
ID_ACDSQ7ROWL,46.401505
ID_YEE2EUVHGX,76.561966
ID_OCL7REK9S2,80.10961
ID_GS13EAU4U9,73.74157
ID_T0YBHFY238,83.11864
ID_7E5G3QZQ1H,51.454132
ID_7PM5TZWBSX,57.05512
ID_BKC7HSY127,45.66894
ID_ODAKBEFSS6,55.066578
ID_EURVPFZYGK,67.75667
ID_WAWOO73WEM,46.5163
ID_I5LF01UBZ4,70.59889
ID_J0ACGPSBDB,36.08778
ID_DJZDSO6TR4,30.067518
ID_UPHGDMJ70P,48.56996
ID_3HXR79RX64,31.533606
ID_ZS2RAN8HZT,64.00861
ID_25614NTIBA,66.496864
ID_ICH3NSP9E0,85.646614
ID_H98UPTN6T5,78.37808
ID_KLMS85YB9U,82.06883
ID_1XBC9VJN0S,63.51249
ID_O7KWGCQFRT,40.627155
ID_16AM7J6CDJ,46.204113
ID_DWS92UYXPY,70.827484
ID_ZP8NTEYW5W,58.43293
ID_EE0EXV4T1F,62.806847
ID_JV46SXUZSA,77.17359
ID_XORQ2CEIHG,78.03803
ID_PQ8HOTK6AI,75.97231
ID_ENLXB1LDEV,74.089096
ID_RKUUFCPVPJ,14.37893
ID_EU7154G09Y,81.46406
ID_XVVDCEIJDL,73.27822
ID_QP7GP0POJB,74.6642
ID_S8LONKM3LS,64.32057
ID_725GBLCIUK,47.907166
ID_OXI6IPEUIG,54.331047
ID_QUS51L3RA1,41.20659
ID_0TSDHFS0JQ,62.844017
ID_WC1GNVXD13,58.398476
ID_DGPR6T1U81,47.85097
ID_MAZ1FZ7LWH,60.977375
ID_Z9G1BKIQQT,74.22627
ID_8OGN3JY9EX,70.15668
ID_V3BSGKA7Q2,44.756935
ID_L4A464LQE2,42.525795
ID_PY5C0DH2P5,56.859318
ID_9CUYGW0GY2,79.12888
ID_TSOY3X8CXU,39.209328
ID_BYL5JF6ARM,23.961946
ID_ICOTP9BQO0,51.1844
ID_6GBP9DUJ52,78.257904
ID_5E6TQPKD7W,67.64896
ID_M17T4RO4CP,63.674835
ID_H68HG7CE8V,33.87733
ID_TQSEXBCHZP,75.75945
ID_PJ2YM9376C,71.505516
ID_S8JGW7T7QD,41.89357
ID_3YWDQLGAIG,64.44849
ID_QPY9O521IM,61.979687
ID_8COKWZ9PVS,38.43524
ID_2Z9NP274P7,58.029305
ID_NIUSLRJNWR,64.511444
ID_HALHKNIVZU,68.604034
ID_87NCNY5L2X,64.455696
ID_D9O02ZWRCM,62.015213
ID_2W24LFWQB5,74.0109
ID_KWXBBHP1ES,77.00079
ID_DR46LDACSK,77.34325
ID_C0Q4MBIMCZ,34.518127
ID_TUX5QEDIQ4,78.93869
ID_DQKGLJ1A3J,66.89971
ID_7AJY1B87S6,62.24219
ID_5HNRIL4ALT,87.53141
ID_3MVF0U9GPS,44.806828
ID_3L6ZHAUZ9A,58.925022
ID_77OFQC2B9T,60.690216
ID_2ZNR1ZRV6G,79.3933
ID_CS4DW5AOBV,50.9963
ID_MQN2ZO71WL,76.52624
ID_Y5MFPS9V8N,10.285051
ID_ENGQ5SNHEZ,63.118916
ID_K2DJL2RLL9,61.956936
ID_J8T71SFX53,49.88901
ID_N0D6MYLTN4,64.20597
ID_CPDUXJ5QMW,70.82088
ID_J3GMVMNRDU,68.04786
ID_LYL897HFZK,44.39018
ID_US1APY8TJ6,57.532776
ID_5KGRBU96BF,55.589554
ID_RMHHD1789M,35.5109
ID_CAPQT9PZDP,73.81469
ID_9X7JBIAQJF,70.61534
ID_YSEX9JP2HI,72.48879
ID_7ZI3RSEVYE,52.47068
ID_YM5QAUNVEX,52.816578
ID_LAY56U95OD,67.27531
ID_TVVDZIJP8L,49.96969
ID_6OPGARSMRQ,58.659966
ID_ST9UNRXD99,65.51395
ID_O39H79BX0R,57.487156
ID_PF39WH1BA1,32.752956
ID_9CDG52QKGL,57.012917
ID_4LEB7OUOE9,55.973267
ID_IFUR999PNS,75.51854
ID_G1CIYDLFJ2,59.11212
ID_2K96VSBLYO,36.308136
ID_VA0GZI5361,66.41463
ID_1MHJE2UX2T,61.5244
ID_5EW0V1KFZG,55.614845
ID_V0X6ERS6RP,37.887424
ID_CEVYPKUPGM,58.322968
ID_0EB8JJD0NC,55.64137
ID_FGGQYDWVTQ,79.8481
ID_6EIDPBL2IV,39.605877
ID_9E05RK9J1I,52.041054
ID_9H5M9JNTH3,71.07721
ID_KQLZJUOMT8,80.05235
ID_CC837U1VJ3,54.516926
ID_24GQBO02D3,72.7141
ID_DXZNQJN56R,73.897125
ID_I4SUDJ94K8,45.12965
ID_T1JW2J6M6L,71.164215
ID_QV6ZVARLJJ,70.11289
ID_KA0HDHCUUR,41.610092
ID_1ECBO3DZLZ,57.223503
ID_BYACOD90Z7,44.420525
ID_IO4RS7JS11,57.061474
ID_4EKCLXMCA5,39.19732
ID_BKMO8P6B2O,69.17816
ID_6W9D99LCCY,53.15738
ID_W4YNS4FSA3,28.993177
ID_TCPOW3K1K5,60.59713
ID_EEVBN4SPAY,45.327686
ID_GPIBHXEA38,64.06812
ID_SP13SH430M,51.660366
ID_TJZ2E12X5U,79.27072
ID_6HFGZVMHPM,11.901225
ID_5LF6WFA8JD,43.580196
ID_NFK2ZGH79M,47.051968
ID_X22888DSYC,74.26089
ID_QJM1ISGQ2J,40.124477
ID_KRRF2JRS9H,57.641056
ID_ASRSLCFQTR,81.264565
ID_CVZ2Q3F72F,73.74486
ID_ZGXA7UNKM3,48.12188
ID_FPAARFS7XE,72.29604
ID_6NBTWSKY8V,58.57143
ID_IWI965GGVR,64.84206
ID_9J81KB0QWX,51.9477
ID_B32H5GN95U,45.70783
ID_BZCBZZYS5Q,61.31267
ID_LPNE0GFPRC,73.82747
ID_WUB947WQFS,61.219723
ID_12YA0BH5JB,74.573166
ID_8YJYRIWHPT,72.08717
ID_YK4J61W5F1,80.044304
ID_CVR05OM33Z,73.02704
ID_SHQWFPBQXJ,37.300842
ID_Q7B8KPJC08,76.786354
ID_0Q8XYFMKVT,45.125942
ID_S31973OM5K,58.275703
ID_LBORWBBC3Z,34.357597
ID_7G3QQ1PY8W,56.505844
ID_KBXL8KW2KF,61.18453
ID_8MKVY3S1MA,42.02309
ID_9YRS6DML6Q,35.935486
ID_UQHBBQTDM0,58.847847
ID_J4WU4HME5L,57.085453
ID_QIBH23AKMF,68.95581
ID_9OS2FMDALP,65.62477
ID_7VV1V6MUR3,71.87709
ID_UHTL9GUPNA,50.732334
ID_F33SVRJFDR,75.39407
ID_L7PIJT0MW4,38.973713
ID_FQ7TS77TV9,50.504894
ID_0SQKR2QWMV,79.48432
ID_9YBX20UHIZ,52.71328
ID_OO1TMASHWZ,69.60584
ID_YXPFPKYAQJ,63.86771
ID_SQKHZLM7WH,55.350338
ID_QUJR1ET3PD,65.75574
ID_X1M0YZLENY,50.64102
ID_4IOBEZ8M1K,41.339016
ID_1K5TS8M0PB,52.289753
ID_67D29DBLIA,52.489944
ID_0YAQOTWT65,58.234196
ID_XF2I77BQA3,50.855785
ID_IEIDS6DQ83,68.5704
ID_PZXYF1450U,51.55056
ID_U730HNNMLU,73.02877
ID_Q5ASKQOA8L,81.82179
ID_3USZMZI2S9,50.3739
ID_UCT4SQPUZ3,79.344345
ID_R0ZYI1AVCL,66.23039
ID_Z7676C7401,67.41761
ID_28L5OPEBLY,74.53317
ID_L577LPZP6M,51.216682
ID_9TG0UHF6LW,41.724895
ID_M9GPZ2I4IS,50.987385
ID_B2AXFB9A69,82.056145
ID_N6CP03PQ18,47.328083
ID_CTZP4NGELC,72.21199
ID_1DFI5NW1H7,63.622368
ID_HVBB2BFE0L,39.081802
ID_1FZZ7MRYG3,49.55837
ID_ZQWK0YSOV6,73.775925
ID_WBKQNMPIQN,62.86054
ID_WTREGGM27W,76.41442
ID_UR7JFCH3VW,54.507946
ID_ZD0LX56M1L,78.76952
ID_P64RLY6668,80.784645
ID_9RQ2QYF4Z1,63.45508
ID_O6EDFZT4Q4,50.01994
ID_IQPULUCJTV,38.306934
ID_XW4BHU03XP,64.89773
ID_Q7QIXA98QO,46.639126
ID_A69IJ6B47V,60.404633
ID_7SBKG9FGAY,59.542683
ID_V9YA4AFSVT,39.375683
ID_B04SV7KJXY,37.4156
ID_ASH6XKV18F,68.41842
ID_X8CA3UQ7PZ,71.96915
ID_BODZ055V84,62.91221
ID_0R9TJ219RH,66.5282
ID_XNT8B4JF70,59.609814
ID_1U2IP1M8W5,40.263603
ID_W311WPRP7Z,71.14542
ID_KAF4URXW1V,76.4536
ID_836F33ZUR1,44.404137
ID_0JW0HX8SXC,62.562992
ID_G8EU2K2JZ9,35.978584
ID_DHPYPOYRP1,36.37558
ID_BEFQJYP8GR,64.906624
ID_TTU6Y38FFB,66.63406
ID_CKDU0LUD5Z,87.145134
ID_M8KNUAUGCQ,83.268394
ID_J7R3N51HLT,22.380463
ID_I8QSRSTQ9N,56.649166
ID_QSEGFSZSTX,56.580647
ID_R3F80YSWG2,52.470924
ID_8DOMB5TZG8,71.82732
ID_MU6W6ZH0J1,75.515854
ID_OC21YTIKX2,76.74377
ID_8XWZKE1SU1,63.76723
ID_UMEOTJO37F,49.754154
ID_0566S26EPT,52.021156
ID_OB2UOGPG2L,76.899895
ID_HEA7H5ZUGK,51.523808
ID_K53ZM64579,87.666824
ID_PTXHIVNT8C,73.04385
ID_52OFHFWXGN,74.01054
ID_4GV29DKR70,73.63535
ID_RG4DE0P37S,72.6666
ID_T36M18X15K,58.6612
ID_B8S5PSSO76,69.68863
ID_52490JC9QT,59.49162
ID_4YA8UFFHR4,75.58272
ID_ZNR0YIU5VI,64.76461
ID_MWZTUUIRX1,52.945606
ID_4RF4NFXRVU,46.91472
ID_HKMEN4UTXD,41.55209
ID_II8VX5KQ96,38.13776
ID_MI8RJSUZGF,35.67321
ID_NFVX9K3TP6,56.503426
ID_3HZSG57UYC,58.476967
ID_NJZ2G59PVR,56.73266
ID_ZMQ6H2DJ5Y,72.850784
ID_K74WGGS9YC,62.815968
ID_14EJPPER5W,53.79883
ID_HBN9L8FZNH,40.97333
ID_7JWQYH20SK,50.40256
ID_K6GA34H5K7,52.820244
ID_7EBQI2OXVA,52.607506
ID_QR0Z1D33UY,63.827885
ID_FO4YN5QN6I,66.876114
ID_HK1KLZKJON,64.965614
ID_8P2YKL08PE,38.521736
ID_Z0Y3AJD44E,44.312244
ID_IBAGIKOCLH,65.58293
ID_4FQN6A09CA,73.12882
ID_16WEFSUPH4,51.522392
ID_3L385E2YE5,53.294632
ID_DL3PEQIR8K,55.62148
ID_BX01ZBA9ED,34.83733
ID_OBX51J64W0,48.61413
ID_9YCFMQOYBL,82.020065
ID_EJI7U0IDIP,40.376408
ID_O8Y7MZ2DMZ,48.809097
ID_KR0Q1C5KH6,47.642418
ID_49EQ2C79SF,76.224724
ID_MVNAXX7H2A,25.109121
ID_V94JCJ2DI4,76.99635
ID_U0TS93FGJ9,51.911068
ID_TUH6UIBRC7,60.92553
ID_ULIYOYG962,68.9181
ID_GXZQ91DKJ8,70.4451
ID_5SZOJU5WAD,52.938282
ID_PPUKUW6MJ2,53.898846
ID_3Z08D10LNJ,28.33965
ID_VCJRQADD10,52.108086
ID_DAA7CB5FD7,60.354614
ID_B0VZVCISH2,71.944954
ID_ZEBNN3J7AZ,55.923565
ID_K8IJM73UB3,43.56317
ID_EJIIKCE8IN,56.19156
ID_59RKVC42DI,69.05987
ID_I81E9INSB4,42.577206
ID_SIAXRWUL7P,33.635887
ID_2V3MG4UCBE,70.43278
ID_O8NU1CWC41,70.56747
ID_N5LTEXAKZ6,37.632393
ID_XOARUKHGZT,61.989655
ID_5AJV5SSL8V,46.86943
ID_6EP98EX9GB,67.927505
ID_FJUFBM4B7K,77.63455
ID_GTSSPSCJHC,61.164017
ID_RPT6QAOFBA,57.945984
ID_LKDYU08D31,35.772873
ID_YX189OQ2TJ,66.479355
ID_M9BHIBRDH6,66.08287
ID_AT3MZ4T4U8,70.15309
ID_ZFRSJ72QD4,56.581352
ID_3UUX4JD888,36.08578
ID_SQKNAPLGWC,32.21123
ID_XQHU4CHO33,70.12432
ID_EGURBOFS9Z,54.797234
ID_GSN0RL7ZBH,68.3203
ID_OPDQO5BXJL,31.055565
ID_EJNTJBFNR2,45.088406
ID_Z4MSNN99JC,65.46216
ID_PDWP1243E7,-3.6698148
ID_97P2O7ZL9R,74.92787
ID_LWLGD08IH8,61.439186
ID_W70IHIXHUA,70.79461
ID_OLR438HCBJ,68.030136
ID_MYHD1LFE48,51.87742
ID_CTCCLMHC4C,45.929756
ID_8IK0RAEF75,60.2791
ID_39YP3XODVJ,39.787346
ID_UZJES8L5O7,57.603344
ID_NVDVNY09N2,41.28639
ID_4NJMM0UG21,79.91104
ID_X06B5P9B80,49.19153
ID_LNJ6677IKD,61.926556
ID_PMHHKF5SNB,81.16139
ID_IH3BKSWB7D,50.423794
ID_VKVE7OHVBE,76.803375
ID_PPT3DQJCQN,63.028603
ID_NR44R6MKBP,49.526886
ID_S4VM7JFNLF,74.962425
ID_Q0O2NKSZJD,76.38141
ID_6SAEPHNS8D,48.0588
ID_44N3OQ5N95,68.89348
ID_5C7Y47AKA0,41.716316
ID_9T0AOMNK6S,83.811066
ID_UC9TILII3T,53.940033
ID_RU0LQVNHOV,72.492455
ID_DMPQZ8K82D,60.562584
ID_B2USPW8T8G,44.147903
ID_RJFWWN0K5I,55.057735
ID_4S1YEKD0XW,51.930542
ID_LDE5S8AK5X,61.04078
ID_NB7MB5181K,32.771454
ID_BD0SDU1VXC,36.233696
ID_F8DU5U9BPB,54.520046
ID_JG8WI5WKCP,54.591057
ID_QMLQWZ5XVS,74.80177
ID_53M3F2II9L,38.867344
ID_0EIHNNFDKI,63.107597
ID_0R6YWCHYH8,53.938927
ID_A84AS8ENMP,76.65749
ID_OEM5XHXCZX,49.53147
ID_LRTRL4E5IA,40.084393
ID_0UGELYE3SK,64.38695
ID_P3W21YJ3X8,70.27554
ID_JL4HNDEH7W,48.26723
ID_LQKFPXFKDU,70.3189
ID_XP9C7DRG72,44.36089
ID_IBW5Z1OBR1,69.54641
ID_XEJLWWFF7D,73.81728
ID_D9HX73XS0D,40.27932
ID_6DZA0XV1ZT,66.87932
ID_6S3JJM271U,54.30512
ID_8WP2Z4LPBI,74.34111
ID_8MI7YWNQWR,44.719322
ID_Q5XI854X25,35.039608
ID_TVITMDJ8OD,62.515106
ID_K6J3JNLQGJ,71.308685
ID_TN6HR118BX,60.082714
ID_R6CDX7BSOX,57.610962
ID_YCEPAJ3RIS,61.407722
ID_O8HFZSG2EE,47.841114
ID_KBU5F4VF19,71.550606
ID_JQGTVU6B7T,70.33559
ID_EKNH18EPYS,43.64391
ID_7CYZTZBX9X,70.72433
ID_CJ7RNBA750,49.403793
ID_ZJFO5RLFIT,79.883446
ID_M3ISFMWTO7,68.814835
ID_UEVJWNL1NQ,68.97437
ID_TZI1NTD99A,47.707523
ID_9SQKHTFDF3,77.547516
ID_X1US5IKBHP,48.814095
ID_WKBFKYGPZN,44.705902
ID_MDIYW01WDG,75.2764
ID_YI5MOPPNSW,53.082798
ID_9086Y2DNO9,79.89903
ID_QN8VHC3VJW,64.6169
ID_R2UCFYM17Z,63.249435
ID_9APCZCGD9O,60.00711
ID_9BN22I71MX,62.123936
ID_K9CMSADO8H,76.36867
ID_9WSFH4CXEV,53.688274
ID_XN7O7GC7UR,39.75637
ID_QMX8K96QPY,70.74432
ID_1S21YZWK4B,47.732
ID_WWKVRW0719,50.31133
ID_UZWPD08GXP,62.01158
ID_REGEBGC921,58.973785
ID_C51M9BLLIA,31.923895
ID_LB7BFJFV1L,79.95063
ID_HLSW2VY8BE,69.49491
ID_49ZN1SUK0T,69.202
ID_VDYT3EZP2Q,45.04048
ID_8R19HLDNG4,61.91467
ID_IR69L44YAM,57.27994
ID_R7DK91GLXK,50.29771
ID_W777B6ISYJ,57.30254
ID_KGKFARY7OT,63.09011
ID_ZWKQ14DYQ9,64.60272
ID_IEMLO6MJFE,37.013245
ID_HCAR38CNFU,56.775757
ID_ZWIBX0X9YV,40.736164
ID_W68603OR3H,39.19095
ID_PBHRX2WCOE,64.06306
ID_GH98JAVY21,44.97244
ID_7GDSYB1KLI,64.14588
ID_1BVBBBJSWC,68.85684
ID_DQEREOKS38,73.04934
ID_LYARQLDVG3,71.25593
ID_9YI4XYTHL0,70.73861
ID_9KNM0YM851,77.61333
ID_DQLI6JG0J6,53.047215
ID_83IWONCQUM,53.697212
ID_JUFVJN4DIF,76.80194
ID_ZPDZTL45QG,47.545002
ID_D6W2DUVFYN,72.074005
ID_CSPFXN8MJA,81.20055
ID_IS3QI6V0YQ,73.28183
ID_C8CE73M4N1,69.573326
ID_QWWPH6RP3A,66.537415
ID_EHF3BRORN4,50.272762
ID_QRUSS04RW4,82.98506
ID_4AN4DBCQ5A,50.729706
ID_E4UEJP3E81,71.4282
ID_FNBWFPXQZS,63.82127
ID_K8W4ZC76YN,69.99834
ID_SJPCYBVN37,74.477295
ID_B7Z1Z9GWD9,68.91801
ID_GC4V5YESN2,69.21233
ID_02OCZMUKR3,68.79715
ID_8Q4FBKSQQD,75.94509
ID_U391TAJEU0,78.34687
ID_TWK5XKQ77E,71.64619
ID_C7X36K7SL0,59.184357
ID_4US6JR820A,62.005337
ID_LKCMUBXZSM,62.489693
ID_8UENY1IWFA,57.21526
ID_ACB434CIQF,64.36473
ID_HP7974QKNG,72.414505
ID_3WRCONN6A3,41.902077
ID_EL4UR1FC1L,42.300667
ID_Y37F607O1C,77.02066
ID_XCJVHRH4NG,56.73179
ID_CI4FQRV6JM,48.903156
ID_W70NQ8WSA5,63.8759
ID_D2NC04F60T,46.16659
ID_QR9LZ6UTXP,79.41002
ID_RUTLXREDQR,37.080196
ID_2FKUO0VFBJ,48.19371
ID_G8JRW1KGNE,55.390797
ID_6AR15EWJ05,40.162315
ID_S5S8M2T65O,77.93435
ID_9ETAXVG02N,53.346264
ID_J3J9CEUVX9,66.209175
ID_CKAII8W8RY,71.553085
ID_TG6HTR9HRG,53.15061
ID_8TM1K8RP6Z,50.943996
ID_VJA6OZABNY,59.590393
ID_PR0HFCIVXI,69.61345
ID_183OSRPDAE,65.278496
ID_X30GNZD1WC,60.964172
ID_QDU68CX7XN,41.453148
ID_JA46G4D2FP,51.6347
ID_XYAP6N6A8N,74.33584
ID_5B9W2MZZCV,63.866096
ID_AHNS5HZD09,57.988728
ID_4HRRBN51Z0,69.48933
ID_97DEXZ2NCT,68.37662
ID_8N0QFLNKEW,78.13881
ID_Y6I6N51JS5,63.836136
ID_MVL8B6WOGY,45.079475
ID_9EYU1FGTYE,45.60393
ID_13JGUWW1SG,75.901566
ID_SMBTQQWLH3,75.380196
ID_FHFG0DLU8R,51.431038
ID_ENAN4DR6OU,76.74883
ID_TIKEN8H2DR,34.850903
ID_23FEWDPVXO,61.021835
ID_OWHZAU4FB9,80.79143
ID_NQFT248FIP,77.61504
ID_3NPCQWOY8M,78.52712
ID_M9GNKBY0FF,65.664764
ID_GCKF3NRI3X,72.06507
ID_EBOIT6VYTT,26.27581
ID_05MGWRI5TK,54.150547
ID_80J51XN89Q,77.28783
ID_0776LFPOZQ,54.145844
ID_MTUB6463AF,63.404995
ID_03G2HNG8CT,72.93339
ID_L7UFZ2CXO6,46.553913
ID_13YMR4MIMX,74.615234
ID_27Z1P99T2R,71.334404
ID_9O6CIXY4OA,73.03764
ID_S0BHI7U03F,74.054054
ID_38D7O3D7OQ,47.550457
ID_KLUBK9B68H,82.97264
ID_0PFWGHLFXP,55.130764
ID_M45JQ3KDI8,41.516182
ID_0GBB1MKQ44,80.515366
ID_P0HWGANFOE,87.41433
ID_AOOQQQNB4U,55.333252
ID_61HFJLAX0W,64.26344
ID_ELUPG50R9D,70.36678
ID_NOBV52ULY4,71.41634
ID_U5X6QIHSSP,75.30861
ID_BQAB3Q3VDT,66.729996
ID_YNMUNX55XT,60.32232
ID_7859324RZM,66.44625
ID_VOVN9C7S1Y,53.771027
ID_59VIQ6BUCY,76.74988
ID_LS7VDBZ5E2,80.08285
ID_459C4YVU1P,73.17314
ID_K3BHXI68C9,72.28337
ID_VOOGRW3OG1,81.65097
ID_C1AKU2AHB5,49.13816
ID_I1L6YQVW85,86.076965
ID_ZF7U3N95ZO,58.498245
ID_XVNVBNWAM7,54.221806
ID_ELPSB9025A,59.151073
ID_LJY9ZJF5OQ,60.77635
ID_8EVJQ54OG3,73.629196
ID_O3CT5K92KR,49.12632
ID_FXXFQMD13I,75.33899
ID_L4ZSZVAQN4,74.52725
ID_20LDFS74R8,68.019356
ID_96PG6X47EL,65.56308
ID_ISSP6WKF0N,50.782753
ID_54D9ID54XV,70.2861
ID_3AZU3I71OV,77.81142
ID_AP6ATD5P48,57.76471
ID_CS6W6H3CSN,79.9856
ID_SCG49S0021,49.368084
ID_K0K3JJ6DV6,78.73022
ID_E366PDUP1Z,51.79602
ID_XNLI7PRU58,74.39687
ID_QKC6WUWK1E,65.859314
ID_99W7RNLUIS,41.490284
ID_QVRFSLG3CR,73.56458
ID_CJT87KA22Q,72.97279
ID_QAA2D2VCT2,71.730156
ID_7J9S6LTSIK,5.1412616
ID_UNFP1LR0U9,47.348152
ID_OGTRBX1867,72.91406
ID_DULTJQG5WI,51.03653
ID_FR1CH4HSIM,63.751484
ID_CR2ZDUE0VL,44.260967
ID_BQQ1UIB2AV,69.50915
ID_XCKYM051QD,64.348854
ID_Z1VWNBKSYW,51.122902
ID_HWA7K51S6N,63.595356
ID_OJNHCM2DM8,41.136074
ID_CB6MH26M40,52.76597
ID_T0N8DGLZJB,57.560337
ID_B7UK129BLM,33.56701
ID_TTD3864KNW,58.370808
ID_BAQFM0GOAN,70.55675
ID_KO8AGI4MKJ,61.85167
ID_SANGBH7Y12,69.30711
ID_4J1XV7E238,42.701675
ID_J9FFI7D6K3,60.17708
ID_7BKY2PHLDB,57.77903
ID_STLLGM4V3Q,62.952393
ID_WGZMXJXIM2,76.04903
ID_2SLT9P3LU7,62.276768
ID_V9POV1OY4A,31.784365
ID_RZASVTWNJ7,40.813335
ID_NGV2OS5O3U,65.935814
ID_EA0GTSZVZC,37.873028
ID_PTA59GGE0F,66.73905
ID_TG9ZZFS3AX,45.69734
ID_E830BTC5VL,56.209663
ID_B5TWL1QYCQ,71.8114
ID_12DSVYF7B3,49.2179
ID_9CRIV0PIHP,74.52137
ID_VJEQAFY8CS,47.627953
ID_TXQHKU2ZNQ,52.727985
ID_8VJON99514,71.85252
ID_L9N0JPGITM,66.57275
ID_9YKPW98E2L,39.68886
ID_ZIB8JIP21F,58.51047
ID_RP8P69OEFP,13.495333
ID_7UYQWX1WJF,42.725243
ID_0MYYAURONU,67.63589
ID_ZNLQ33NK1D,49.654995
ID_XKC7WOR5SD,29.55755
ID_ODA2HDQNL5,66.47937
ID_MIYAWL9VZD,58.38321
ID_2L5G1NSXME,27.450401
ID_LRWHFO03MK,48.456284
ID_8R7EQ48M6D,34.954433
ID_N9X3HCMUEQ,48.307365
ID_FXA2VY7KNH,66.836685
ID_2WBQW9051A,60.894882
ID_EDBO3CE9UM,76.00703
ID_4FYPIFQJIJ,63.891468
ID_GVQE557HA0,74.16371
ID_4YAZ1FBMMO,33.339115
ID_29G92TPOYI,41.092136
ID_LZECZ9MGCA,49.272713
ID_8ND0KO3ZX8,60.7818
ID_Q6RBL64F61,42.667564
ID_BKPDVS8JCJ,49.158844
ID_XJRLPN0K2Q,55.009518
ID_HH4X6AIYCF,68.819855
ID_ER6E5AMQYI,56.915558
ID_AI0CJYMALN,68.01119
ID_BLJDGZI99Q,60.677505
ID_XPGLZI3PGB,66.04483
ID_MBB89XM2G5,76.29929
ID_GWQAKDNQNW,60.260384
ID_7VZHACHS0T,29.197594
ID_UMRO174P59,48.66525
ID_8JPX2POPNL,63.997272
ID_R8WEJKFO6B,67.30662
ID_HQ76SUF0GH,80.61611
ID_7JDI1GLVCE,45.12932
ID_K6547EBC31,56.44745
ID_H16B5X3O23,20.947355
ID_ZZBO5SY8WN,62.089184
ID_FTQ8APEFX5,62.72419
ID_7WDMPH3RX0,72.195435
ID_VVQ0PGVV89,55.639427
ID_HEZBYPN29N,71.9845
ID_NX1GULE9R0,67.19114
ID_AWWS2TKU96,79.93775
ID_IW68DSEI9L,65.57271
ID_GNJ5Z86MG9,74.27476
ID_0E9ZWUNA5B,73.41016
ID_TH9QIOV0FG,41.81814
ID_BAHZS7Z16B,57.81659
ID_GST9JR00SR,48.068703
ID_QCM0YF9SKH,73.12697
ID_DRCJ1X45Y7,40.0044
ID_V8WP5LEQQH,74.0022
ID_OY3TR9JGJ8,83.91232
ID_I3KNEJXQM5,64.87602
ID_O7CJPZZHW5,53.815735
ID_K35N9PGXOL,76.12776
ID_MB3ZXK3WLX,50.719837
ID_Y1IP9KLRRJ,72.284966
ID_9UMAKB56CQ,64.8864
ID_4OJTADYCIX,25.569149
ID_04V2ICUU87,65.14673
ID_KNIQNH5RM4,59.516476
ID_30PS9MJA57,39.76886
ID_FQ0BR8KD4B,64.0262
ID_3XL65RFAKX,66.16124
ID_NSJ9OAVGP8,67.7763
ID_DWB66M0MB4,29.055883
ID_DLMSFACIWK,53.570232
ID_YEE9WH5F8R,78.46708
ID_DI9NOANQC0,59.640976
ID_09766ULCKK,66.78609
ID_ZNVMJZ6VME,60.321587
ID_AO2OV5MAZI,24.294783
ID_5AH7OL4YNS,76.278534
ID_0W4NPPEL1S,63.636505
ID_2J94C33V2M,63.716774
ID_WMW3IDKNGX,77.25237
ID_AAJ6GGPHMB,52.170033
ID_205IPTHB9H,86.92338
ID_21I4S81V8T,63.926033
ID_WI4LSWPH4C,65.88705
ID_9ZCO5YVLDZ,50.249474
ID_SLHUIFQQPE,64.13713
ID_PX9YP6G42I,52.21786
ID_VYXOTJ8KKD,59.950462
ID_9SIXHIVJD4,66.973076
ID_82XVONTG7N,63.534008
ID_HQY2WO7Z0L,64.51669
ID_DLHAJUW3B5,82.132286
ID_8VVC9UG4GD,37.633976
ID_HY2MHENW1M,79.11722
ID_SIT0DW906U,70.42229
ID_Z9AZ5H3BXX,62.771492
ID_1RA3W4OYG5,65.19375
ID_SUZRKJWL5T,75.31275
ID_1MRC0JHATU,66.051796
ID_ZBW3EJ2PJI,46.963585
ID_ZB64W40QQ9,49.687317
ID_MJCLCYD38D,47.878014
ID_2LL5Z11GS8,57.19642
ID_WZFRBGMQQK,68.02984
ID_FL93K4KP3R,75.84014
ID_46428N98MW,69.11749
ID_B62BPN91UV,70.19366
ID_5XFHJ92LB4,65.49718
ID_B0PZUNTU5L,69.81608
ID_7A690YR5TE,31.778557
ID_AOHOC89T4P,85.962364
ID_P9ITSLB3TD,77.144455
ID_QARTR4HDCO,57.65248
ID_7ZDRUM61NG,52.690376
ID_6WIBBIL8VO,44.317738
ID_8A527EFD5O,32.59473
ID_S6STMSPN0G,50.292995
ID_0NKWGU3SBR,62.913475
ID_H3DC6CHQ2U,70.67492
ID_N16M8HC10T,52.940567
ID_LNE5BI6KV1,82.789856
ID_QVFZEX4Y3N,70.590805
ID_ZL8RLFR78V,33.213276
ID_LZTMOEE6N0,57.372696
ID_O0HGCQLB8V,35.183643
ID_RAKXYOT3NH,63.251328
ID_CD0HPWWNK1,69.637276
ID_RN5JF8IEIM,63.7196
ID_WLDKWK0WY3,58.383984
ID_M1LXKIEGNL,37.11777
ID_WQXB9JTNJX,51.48233
ID_9GXK9ASZC1,63.38999
ID_S1H3BWM7VK,55.368572
ID_3WA3LYIE7P,60.906097
ID_U1BDB68YXR,63.650394
ID_SH7V0SFG6K,61.70901
ID_2CT6TAHO4Q,71.833885
ID_5ZYW41HP4C,48.12716
ID_Z2LGSC8QI5,73.38443
ID_9EVEC16L95,62.051735
ID_IXM47G9K0P,76.88062
ID_OEJ6WXXSRL,51.802402
ID_WVQ7RYERJR,36.443363
ID_Q8RLP9P2ZA,77.2674
ID_7QFM4I5ZWV,66.615
ID_XBTU13R4C6,85.41784
ID_64MHWVXLKO,60.05316
ID_92GZZNDRKZ,51.26881
ID_GHVLBAGB2F,76.28365
ID_3ENQ45ACRD,45.3716
ID_L0UU31HZQF,77.41859
ID_EOL9I8NI4P,60.417046
ID_T9FLL99YJ3,64.30883
ID_3RR0MML4BK,47.371677
ID_Q2LOBYJEV5,47.956364
ID_LJL5XLXIXZ,65.60266
ID_ETOTFTAFA0,64.86882
ID_BF1N32I20H,50.461468
ID_N5J9OKHTSM,77.391846
ID_2123PV9ZXI,68.724655
ID_X7W9CVK9Y3,47.277126
ID_IUNPRTWOW2,51.12247
ID_KY9IXRVNKM,62.696182
ID_9GJ38MW91W,68.32629
ID_WH6DWTHFRW,69.65037
ID_UTBNVTKT61,56.50875
ID_A8IGC79QPP,76.21412
ID_YVSIWD7B8P,44.045956
ID_GIQQ52X1VL,68.79234
ID_WDPANKWTL7,67.57857
ID_VAATNJH78O,51.870796
ID_LFJPB4OXJV,60.21382
ID_M2VR2M8EX1,84.30334
ID_SKUYZGLJNE,52.384953
ID_U9UG6FQVPU,40.01287
ID_RR46AZ6T5T,76.30895
ID_SLPL71KIUA,58.703533
ID_L7ZRMS2NTK,44.09592
ID_IXY768WXVF,47.373478
ID_MKJD2BZFTS,77.53444
ID_0QJ5Q8CHHU,68.98304
ID_ITK2EK2NLM,87.49938
ID_MKQYD7I3M4,49.485916
ID_ZUVFL7I6AU,70.20108
ID_FAVT030B2V,67.129395
ID_NPWQNC9PUK,79.44688
ID_LTG6LZ7P8R,54.80038
ID_85H6729CVO,39.594284
ID_14RGOAZYDW,61.05129
ID_OGD257YPYL,77.60193
ID_2VDCRTJ99Y,71.085014
ID_XNZEH7VJ96,72.93437
ID_LPHNWFTG7I,69.695435
ID_023UB0LV1E,35.79146
ID_XM50UNOD4B,26.129938
ID_1TLSBNIPQK,43.98647
ID_11UL8WNVE5,62.566097
ID_ZO4NK3EXM8,66.15222
ID_QSGQGNBNHJ,65.08113
ID_SK6Q2FSYVF,42.41582
ID_0O72ZZMPL7,76.08623
ID_4P7R24ZKAT,44.624523
ID_P2E6F3IFYE,46.16386
ID_95BED0HQ91,58.62852
ID_J8BVBZB74M,48.16765
ID_HZKEDUWSHM,76.7772
ID_4KQ48O85EG,79.83376
ID_SBF0FVT9RX,38.9394
ID_O7K2PDWG93,38.972218
ID_CK7GUI9HCU,77.998566
ID_T6ODBK4QPU,44.523003
ID_LCVZA30TCD,68.16577
ID_699GW47DNW,62.899216
ID_3XIH0P0XWY,59.535934
ID_AH3EBYAZUX,44.797443
ID_UZ9087GHEG,68.38384
ID_GS2CPI6W43,58.11345
ID_Q460371NHN,60.388187
ID_X15AYLLQAD,62.965893
ID_42BAXZVR8E,71.96093
ID_LGTT3LYWXB,49.29466
ID_JT3YINJ7T4,80.47674
ID_224L52F8WJ,55.409824
ID_RSUQUWJNJU,63.091
ID_94RY4XWH95,63.18603
ID_1SRGKI6QSE,54.30656
ID_W8FJINNVC1,48.35586
ID_4POQA5Z97T,75.087715
ID_29P0RXPEZD,69.46915
ID_TXE09WP41A,79.61584
ID_O30DZD81F1,57.919952
ID_JX9X5T9JB5,68.31055
ID_TZWLB7D17B,52.441376
ID_E7XX65XDU2,43.883953
ID_EFUOOMCGM3,49.362823
ID_GSS3AGV8A0,65.45394
ID_S0V664VMO6,50.640373
ID_CBV5BCSRLB,61.16896
ID_3T27HIC58C,54.700768
ID_B9AF925N0T,80.60455
ID_Q19WC8QC36,40.01865
ID_4HX462KZVX,55.347412
ID_F2WXZG1UT4,40.959324
ID_VRP65FGOKT,49.359592
ID_CG5L5EKTVJ,40.046043
ID_1FNWNASTN7,54.904377
ID_TPVP8BMI00,82.09437
ID_9U65ZTK1JK,78.718575
ID_4DOCT7KAWV,52.47405
ID_8I346MMKPA,67.45256
ID_18JPGLSPCE,63.869877
ID_48Q2P3NW87,32.709686
ID_EPXS18NIXS,47.296463
ID_545JDE57DN,48.750107
ID_33H6RF0RF1,70.538315
ID_U7WX9AR46Q,56.782406
ID_CYD1H4GRF6,62.27529
ID_0B1JMI98AN,71.71814
ID_ZQQEW23VDG,82.772064
ID_Z5C6V1WSQL,76.47515
ID_IEFNJ2ER9P,52.922367
ID_B8K7RYM6SP,51.11438
ID_UEIHAYWFXR,70.78219
ID_YQ5VPMZMWL,38.457695
ID_66TYDS7GK5,76.0878
ID_H5GZIE1XUI,75.118965
ID_LEJKPH7SL7,39.20455
ID_JUVO8M8BSL,63.166145
ID_1XLHZ1JTSV,52.65312
ID_2VA4YF3JMN,80.065506
ID_0EG82AR65A,26.648985
ID_U1XW57MCV9,41.715023
ID_CSDYXZL38P,56.343136
ID_GSQRXOFJ1J,65.59811
ID_S9OZLWWLTX,55.118084
ID_QAKJ2WKSPH,45.636246
ID_52E70YVP1L,54.82171
ID_GRUUBFNWHM,36.263535
ID_DYZBNKEG0M,82.697495
ID_MVVBOE0QPG,63.015533
ID_QIJEGA9AWJ,53.424168
ID_E5FRYU72IQ,80.2485
ID_ZHJ3BF6VSK,42.16357
ID_1II9RKGYRC,62.931713
ID_F5JN1E1BUS,66.74701
ID_M59IPYN11J,79.30875
ID_M25YPEFG16,78.435196
ID_N0JBCMAHHH,36.19839
ID_HJCTLWIWSI,77.07843
ID_VHAPMXDVEL,87.528145
ID_9G8DNYIWCY,59.305202
ID_M6ISXSYMRU,47.87861
ID_R8I2WB106N,80.10306
ID_ZHYJ6EQ4C3,35.82551
ID_H83469GDQQ,51.957504
ID_6ESG8FFDO6,64.778595
ID_06KA0HULIU,83.83254
ID_CYWKZA0CF7,63.06262
ID_NIF2A7TJZ5,71.28924
ID_1T93LWCKUB,66.532
ID_UEZMO6774Q,68.74246
ID_5BOCTO095W,63.62234
ID_SG0RL6JTJP,48.1585
ID_BZ6SB30M2X,53.5616
ID_OYHFSG3B36,69.61544
ID_8ZVLMI7X93,55.13249
ID_TIQGZWD7OR,25.902395
ID_2XSLFPMR9K,76.80655
ID_F4MZJN4X1Y,73.59127
ID_ZSA7QSVIDZ,63.18716
ID_Z92BVAF23T,42.264122
ID_O9YVGIUESP,45.372276
ID_23APF8RVWY,46.14273
ID_S7Q7439L0M,76.17464
ID_OLMOA72R45,61.842545
ID_M7ZOL11K66,68.31045
ID_Z6H1U7W1H0,57.05236
ID_8AH3G8LY8V,68.39378
ID_0ANZF6P64I,54.341507
ID_2C3M31YAK9,39.626713
ID_PYQMJD6RZC,21.89163
ID_5NRO0A8JY9,61.433723
ID_EIQFQNJFV4,67.0372
ID_SN4AUO6K1W,64.60654
ID_JQ3NT8SR84,66.00479
ID_1W6YKUVZSI,76.59159
ID_02XJRZC35Z,80.109634
ID_62Q7CG5674,57.277927
ID_DGOYXHMDLD,44.423088
ID_6GR5HX4THR,50.52855
ID_T95DQMT24N,57.517857
ID_6AE46B7SKF,60.274155
ID_40NPZS9IOS,62.646164
ID_N51X05XUJJ,52.974308
ID_H4AT15ALT9,54.06983
ID_6IV6ZQEZDP,64.979355
ID_T6UE8J1BXD,44.336384
ID_LM54EYRKW2,63.122078
ID_TS6X7JL4AF,80.21582
ID_DUZMMT6QL0,50.343266
ID_34XDF502VZ,70.54809
ID_24P783IMZ2,66.06357
ID_5DEKM5AJ22,46.692677
ID_OG81QEXEE2,77.11573
ID_ZFP08OE9PE,63.063557
ID_4WQBJ6WBV2,65.45685
ID_DW5N3I2RKB,80.57049
ID_NEPHXY5SFA,82.13551
ID_LJR27S3OSS,50.152798
ID_QLAVE8H69D,79.18792
ID_OKHUZMZTKZ,80.73088
ID_XL6ODZ5D7B,33.976757
ID_J1SU4W4BZF,65.06541
ID_1UZI59C4RG,79.63843
ID_83TPBTI3CG,72.02681
ID_RS447NW5C1,72.88141
ID_DR2HPEJNFI,53.275467
ID_ZI6G75M6Q6,65.02704
ID_U2XWY5BGS9,83.89076
ID_JVDPFUMC99,45.427208
ID_F5SGQOH65R,71.01986
ID_HP0JCNRDE3,63.329823
ID_AVE5YPZMDT,69.83305
ID_G9O7RSPZSU,66.18052
ID_MV1H6IJQ1F,68.71092
ID_4T9SNDNTPR,32.569744
ID_ESD8M9WTGI,53.255394
ID_RNWMYO9OXX,79.54783
ID_P1NWOI8DEA,29.669369
ID_JXEE6DECR8,51.105354
ID_F1QVFKB45M,49.92271
ID_NPFF5LKZ6A,70.38998
ID_BV48QGDC6M,51.867905
ID_VYCG05QILO,72.510735
ID_PT0DLR6U76,73.277245
ID_G8B4BRBQ22,53.738968
ID_W6GIHANRP5,81.89651
ID_QY0MV1ZZMS,42.97321
ID_PBW5ONKI9P,65.41343
ID_955NJ4I0LG,48.097958
ID_Y07WZN2MN9,56.61609
ID_FRUAWDC00C,54.20407
ID_PAZIQ16JDN,63.927177
ID_844D6WIT90,57.391045
ID_MT2P3JC4QG,65.01013
ID_TBMC7ICKT5,69.01414
ID_8DPPFVERLU,72.71487
ID_UMQAOBPBXS,56.21961
ID_Q0WT5KMIJ2,79.65054
ID_05ZT3O4U2S,65.962166
ID_5DBWDG921G,62.65165
ID_TVH2GSVLV0,54.260223
ID_O8RRDYYYL3,34.411873
ID_ZYQ0T13HRD,79.23334
ID_Y1D3GJE89N,54.491875
ID_11P23LEU4R,45.519753
ID_UG4CNZ3HBW,68.10278
ID_SVDGX54TSY,60.752514
ID_1ZGE37T87J,46.04957
ID_05D2VEAGSH,75.08724
ID_MKH6077LJB,51.095985
ID_Q9AGQCNM4N,66.0923
ID_NOE3CW8D95,70.031525
ID_LNPSFBUYK4,54.301712
ID_YRE24D0XQL,82.38963
ID_8OY3Y4YAQW,52.1081
ID_JDPWLMB1JF,18.968431
ID_3UBR13TUIJ,66.612465
ID_IACBA782PI,57.187763
ID_BNRZYRTUKT,68.937096
ID_MZUAECXXDB,76.45873
ID_7P9U9447T3,67.47269
ID_6N9ABXWH9O,71.45637
ID_SC4KZ01ES7,57.473236
ID_3B0FPFCAZY,52.880405
ID_XGYMM295V8,65.22368
ID_SA8CPZ5MXN,76.184456
ID_QV3YGUDHE2,42.152344
ID_3RF414WT36,82.59563
ID_U554F4M9AS,59.15817
ID_DUQGEDLLN2,78.84766
ID_OC40BU5J7U,41.916096
ID_HNDU2Q2UGV,43.234554
ID_Q5ASNYVY4Q,63.535057
ID_S92DATTIBI,44.513367
ID_T3TP38PH7V,80.28962
ID_TFA8MJFQNY,79.36677
ID_W8068HA9AT,69.95471
ID_F19M9F7YWA,84.75128
ID_X5RLD131U1,56.05352
ID_9T1KB2ACVC,72.701355
ID_CUKBJO68T2,29.202976
ID_CTIDQRH2KJ,68.13375
ID_HWLWLOR2CG,65.71408
ID_XBN4ZFW8TF,55.707657
ID_65YT1A5971,56.983753
ID_E6OG0BSWMG,56.71726
ID_9EY1DM7BW0,60.76351
ID_TEFHBHSWI3,54.40297
ID_2C2O6H60IO,69.299545
ID_338FJSUFVO,63.292747
ID_6ILOSPEIKF,79.419266
ID_7099JT55AH,55.403866
ID_E66E4WEOPP,66.56567
ID_XZ9W9HRMGL,65.95882
ID_WTKKO7042W,71.07146
ID_FKNONYI0PK,51.914345
ID_RCQLTZB92G,44.211246
ID_JGAZVT0VPJ,62.45364
ID_Q2CIB5SIK6,60.587925
ID_3K2LU6R0WE,60.234104
ID_446PMJWDCY,62.15572
ID_AR8B38G8MP,79.17154
ID_980UNNVLEP,79.20411
ID_2H4ZZWKSC5,68.57818
ID_WAU8R531IE,68.38419
ID_09N4LTN8K7,53.831047
ID_KVGCXVTZS6,50.562214
ID_HPTCTG2N37,79.36449
ID_BP7LF7GWZ2,46.07426
ID_FH3MMFWN5I,86.20985
ID_T5ASAWVP3C,54.738487
ID_RRI0WNWLZC,38.189438
ID_A4S6SN12PZ,51.942513
ID_I288SISKY4,62.71333
ID_423YL4MUYK,59.956932
ID_60M25H4ALD,60.480335
ID_OE6Z1F8OSD,72.54693
ID_1F7SATJPX4,70.64495
ID_3IJV37YBB5,54.49579
ID_K97HIIGY2L,39.359917
ID_V9R8D3R0I5,57.874935
ID_OIFZDL9QSU,44.06327
ID_TPXR84XSRS,50.07001
ID_ON5HQW48T3,52.9399
ID_PSOO85G22O,64.144
ID_ZWK1LUOLC3,43.981705
ID_YY245OA0X7,63.573563
ID_RJXHOVAIFY,55.339577
ID_5M1HDT2MK9,62.2096
ID_NDJ1HBJSM6,63.238846
ID_89WOYBOQKE,43.397537
ID_DHKPV3TELX,48.77385
ID_VFKQ1HZ501,48.273132
ID_O8GDALP9XU,57.87721
ID_0MRW1CWUSP,61.78057
ID_RWJRQ6RY5K,51.20334
ID_EXI7LNT84X,64.70681
ID_1TRXTAE3X0,76.27316
ID_HL5IBTEDBN,69.835045
ID_ALFR3EX6N3,63.67455
ID_72B7T8CXPL,43.15546
ID_I3Q9ZA9DI0,37.876434
ID_L0DE66UNL6,77.6127
ID_VT155W9I8T,39.73692
ID_LZ4X4R7QL2,56.873493
ID_PBNIZQ691L,50.713215
ID_EM5RP7MFZ9,83.35276
ID_2WPTGKXLP9,45.53967
ID_8ZWSZFIR6Q,51.876446
ID_J4ND6RFD3X,49.996677
ID_RVRL51EZDS,72.086105
ID_OEP16LJ9WS,50.090736
ID_C4V8IS2X9M,47.4305
ID_KLAGPGVBZZ,47.17717
ID_MT12SU4CCI,63.075974
ID_R8O7MHM91K,80.61945
ID_K8EHJRU5A9,52.26028
ID_HMGV90KPKL,65.08888
ID_IWI5AYZGTN,50.337902
ID_PNUEBQZ6K5,74.44633
ID_FE1B58EAFF,67.809586
ID_RIBYDDWPQ3,75.00032
ID_9GZSGOTW1M,40.317074
ID_IOI76Y6M25,53.60781
ID_GT18H63AUW,63.061073
ID_J4XT1099LI,51.600697
ID_KY1YGSKIVF,44.32052
ID_0VLSM3PX0H,63.086437
ID_3W3XRM87LK,77.793755
ID_6RH5EBGHY2,52.287052
ID_YWSJ1GL67E,41.4335
ID_RH1GKZRZ2S,62.239292
ID_79BSE36QY7,49.79354
ID_SJUXZLIK7B,41.6808
ID_FM1K2O97EB,75.29919
ID_YZXJO7JD17,48.547348
ID_UI7AD3FOZ0,50.298187
ID_GTZXR97SSC,52.929356
ID_E0AWL0J9J1,76.10663
ID_K1ZFLFVWMD,40.28551
ID_07Z2F22GWA,79.860245
ID_02221BNI3Y,58.23104
ID_VLUFJF37AW,62.674824
ID_EMLBKZAS4K,77.363754
ID_0HRHLA3BW3,60.317444
ID_YFRUIYXG81,45.087814
ID_9Y539N84YG,56.37623
ID_39Y4F5EQS9,38.872765
ID_U3JFYM3U8W,34.57013
ID_NDT72J9FTJ,54.420006
ID_XIBB8JEBPE,29.8919
ID_G1OAPY75P6,51.843758
ID_M0K2PZM8I2,58.90108
ID_WHM2871OUA,73.74807
ID_C4AP5XDCS1,73.6086
ID_7623LCAG0Z,56.901703
ID_I5ZF9HCOGQ,37.904522
ID_NRZNSCMLOR,50.82118
ID_99534NOP95,44.20819
ID_BV6QT66OJ6,50.981102
ID_ENB6WOW7X1,67.83697
ID_RJ50JSZ010,64.21764
ID_M6JK6R9MV2,69.356476
ID_E0FGIOO9L0,23.943787
ID_WV3KVV8K04,67.594826
ID_LSYZBO6AKK,51.53034
ID_O2OL99GBVO,69.76687
ID_2YFVZ6ARNT,36.32033
ID_TL891VMEFT,69.12694
ID_A7L8BYJYCK,64.04756
ID_MX9CKX5R7D,70.39806
ID_DZ2BPZ1QJD,53.83394
ID_K6KXLJMSCE,57.957695
ID_I5UQWCCUXI,76.64883
ID_7UOZ1HU6LS,50.258163
ID_ZEO6297Q3F,56.563145
ID_HSJA8I0X66,67.67287
ID_NHX6PJ9A5U,58.838978
ID_MW5NU7SUY9,72.44659
ID_IVQKPKQG8J,55.37717
ID_JZUPCNYRG2,73.15056
ID_F0OHY5853E,48.4054
ID_CHT5B0O4W6,58.893856
ID_H63IZY4IXB,72.26756
ID_LIHQH3MZLM,66.08998
ID_8BVU3LPSNS,55.25553
ID_CK7UI94H9K,43.490593
ID_B205VLUKIX,53.617474
ID_O379OD6N5O,48.870255
ID_189ZEMA78G,47.07457
ID_9RF1GU3OVU,56.205185
ID_1Y2CU17DBF,60.184635
ID_MJDDZPH0O4,63.95302
ID_ZR6DAE1049,71.26378
ID_FJHMFB02HY,82.564896
ID_BMM2UIF164,77.67718
ID_L48PX2QXA9,39.99111
ID_0IDMTEAZUU,59.806763
ID_12RH5RRG19,51.48715
ID_09VILRNIWC,60.289814
ID_ELZW4L6W38,52.836857
ID_SAETRL81VU,46.062134
ID_8ORKH59RFX,77.88576
ID_A3MEKTSGZD,28.828196
ID_J2YJRJ6ACV,71.30984
ID_8JKMGAQQ8N,83.29434
ID_E2690OKLHI,62.790615
ID_7XLERWRV03,37.912422
ID_C0SVWBDBD4,74.77532
ID_TSLBRGBG89,65.16328
ID_ZEVVB92LVD,30.593424
ID_STWIB59C0X,68.483826
ID_4K7GCBSG0W,67.62376
ID_2MUJ3Y7YMZ,71.604324
ID_E61Z3DG9G1,69.46323
ID_TMREWB3VDI,57.50446
ID_P40HRWKQ9O,38.19044
ID_TXIQYRZHQZ,56.616974
ID_Z89SJDAR0Z,62.21887
ID_2KGCBBXQXZ,36.963383
ID_A69EI2KPOW,63.358498
ID_N2XGBTRLP2,65.662384
ID_UODLOFHRI9,57.601807
ID_NZSF6FXAVU,37.572575
ID_N30FWKBZ7B,80.709274
ID_N7WXO2JMQW,52.94378
ID_9639AT4H8P,57.160824
ID_XRB4LMEK01,70.38975
ID_E4SBN425XK,74.839645
ID_HE7CSMXVII,68.069496
ID_OVZ5U7QIFB,63.512577
ID_SGWRBHW9EX,78.40882
ID_8FDD2O1SLF,48.930233
ID_T3AVASRMLR,57.39207
ID_6YFTV2BIO1,36.254696
ID_RRTUTIMU6J,70.059364
ID_A7ORVU7VUO,77.40425
ID_IYXUEAU8N6,47.14185
ID_A752MHF4FT,68.97505
ID_QGS7GVOBEV,72.42986
ID_MWD9J9ARQW,57.27123
ID_KHYUY4332S,61.868404
ID_G91CB2ZAGB,44.06512
ID_DIFPRMG3NG,54.13228
ID_BXKNESPG42,62.251884
ID_UO87QCZX1S,51.806416
ID_YT6RWW3D4Q,76.76438
ID_UHLNEGJ9AM,56.63639
ID_S1QS43B0QO,50.789368
ID_H8A2RLMD3T,23.52419
ID_FSSJBCICUU,72.243256
ID_3LUGLTLE9X,56.569054
ID_NJQQRTIA70,56.996746
ID_T0CTMPNQON,71.88993
ID_V4ERTG84TM,32.15373
ID_6A2BOXO61I,51.173527
ID_W2SDR5SV2B,48.529686
ID_13OCJSN2RJ,73.44706
ID_567Z14PN80,44.049984
ID_WGC0UL0Q4A,73.17423
ID_MWVI3EOQQ6,65.87538
ID_NQ018EBSPF,64.54477
ID_OHCCXO1ROA,38.38365
ID_OREQIC1CF5,72.82026
ID_IIQVUTB6Q3,63.74077
ID_1HEMGJ56V1,50.32526
ID_VB870AP37K,70.8234
ID_E2YUDK5XZE,75.790375
ID_QWY2Q3K6DV,72.06213
ID_CO5M3UMT99,66.82162
ID_NVUAZA6FKE,64.57416
ID_W1OSQO7RSL,72.436295
ID_AN05UL1AOS,53.709896
ID_PLWDHHJ38U,67.97988
ID_6R2RZ9URSE,59.957706
ID_NIXVB09ARQ,44.91147
ID_8MZMZPNHEH,66.34557
ID_36JOLMAU0S,77.56509
ID_WX1HEPTTDY,75.39452
ID_9KP9193CPI,77.85554
ID_59HISYZRZP,42.461666
ID_5Q2G1ZPNXC,78.88985
ID_FQ1XNKUXHR,44.982975
ID_CDZRUIED8W,76.2953
ID_CYTVZCLLG0,45.519814
ID_CYF7VL2LEG,44.347202
ID_IPQRX0SIBU,74.33137
ID_JQIWUAPDEQ,66.74463
ID_BLJXCMY7IW,70.584816
ID_SFVN1CUGFZ,47.161156
ID_N37L8RSGUY,38.968117
ID_ISI38RXUPK,59.704983
ID_S9A5U6AZAF,75.94093
ID_7N1F8Y5ZS9,51.620804
ID_420SHFFPSC,66.23743
ID_SQWE5YC015,72.217545
ID_XFUYPB424N,65.1012
ID_R2BH0IC2ZK,77.2295
ID_35WTU72HHD,43.422523
ID_CVCICD6CBB,63.625023
ID_9ZJVU3TLXF,64.11571
ID_RZCT0KDPNE,70.41582
ID_YJSDO2VB7I,81.56788
ID_54NFZTZ3ED,76.53892
ID_TC7RQVO6P1,71.00381
ID_EZ8PEJMSMG,59.133873
ID_RZ4OHJXFTE,68.26975
ID_IABQMZS3KS,46.969875
ID_OTVGNY6T9I,66.651344
ID_36D8A68YFU,66.567474
ID_924JQYFNBG,58.95046
ID_WH1PTT4N0U,54.863865
ID_9VFE89MNX4,34.305077
ID_OS9AWE1WYB,82.65279
ID_M6H6291H1F,76.83031
ID_T1HKT4G4UV,48.0136
ID_8ISLS3A1B3,75.61033
ID_F5MFRM3AP2,40.466473
ID_BR71PA1B0Q,57.69254
ID_T83B7L8IY7,56.441757
ID_VC7P1HWPS4,35.988823
ID_PZATZ0E6IH,54.839718
ID_3BQ82YTJ4M,47.673958
ID_L8308120JU,48.36248
ID_9OOZ5CXMBJ,49.22484
ID_UMU0P3BWUK,73.902275
ID_YZQ8L5BX18,66.77442
ID_3VNG8E2LPT,80.23878
ID_4S4B0MKR3A,51.347443
ID_XG84NTFL7E,49.735508
ID_OSCRLI4BUG,47.03134
ID_ONJYXZ3EN2,31.220682
ID_QSE3XOTJTA,62.073036
ID_W1NA4XRENA,68.64106
ID_3KZQH66E9W,55.106556
ID_Q3R8YSKPOZ,59.10088
ID_TMOCV175I5,53.459023
ID_FK3WV7JP6Q,54.847244
ID_TMDVMYME14,74.41506
ID_JNHOM77OPX,73.02708
ID_06A2FSPIT7,62.940147
ID_XQZPX9OHH5,52.876095
ID_FYRJ98UINY,61.412357
ID_QNJU440TAF,70.0743
ID_9PRN681H7Y,53.514565
ID_FKL5ZHHYON,51.915447
ID_O9KRPE1SNL,74.383514
ID_7QNHXR2ZKR,77.70141
ID_CE83HEJDU7,66.306725
ID_1WZI08CXKU,35.367733
ID_5WJQQNGNMU,63.32527
ID_X5FC55YHI8,62.481403
ID_LT4QVAF2NW,59.877064
ID_IGMBTO6950,69.593735
ID_7X9F202A6R,57.7974
ID_KAYQTZWNKZ,81.13422
ID_K92RGIZ059,68.27369
ID_H9EZF257SM,65.87114
ID_9GM8YKWCYH,21.601427
ID_3XGEKPOBTY,49.99037
ID_LBRMU13ANL,55.820168
ID_W89SLP1P33,68.37125
ID_N80SFT7V5D,41.95435
ID_GLY4Z7KWPB,62.294598
ID_M5QYNF4YSP,65.21483
ID_44QKL8QSJY,83.06704
ID_R5NC9JJMTW,71.98727
ID_RX10HMIBZB,33.884296
ID_CZAAP61XYC,72.77346
ID_2JQCYSO696,67.46199
ID_Z2ISKH9G1T,54.91998
ID_L85NH29PPL,40.89797
ID_CGSAQIDUKO,79.75168
ID_84D8AZ8J73,51.266884
ID_6VK9GODTAH,60.49703
ID_DTGOO9WB2S,39.981308
ID_CUEFAY1OC1,48.946262
ID_TTMFHMFJ91,68.63647
ID_XIPV7LOD2F,39.463104
ID_IDECYQI2OG,69.859764
ID_QO1CX6GKEF,56.78991
ID_HNE6X4LVHT,72.651306
ID_MXFE5WMRAA,63.427494
ID_XB8E7O3UWM,56.915398
ID_VO96V4WSK2,80.56355
ID_JCDCOE1PMA,60.975258
ID_4UJ8U22PJ4,80.39551
ID_5TVS5TCP8M,68.6443
ID_8FMKDDTWTK,49.274796
ID_ZH1DE8P3L9,71.29075
ID_VEW4Q6I4D1,48.03393
ID_XSQR7D6O0Y,34.07787
ID_FDYP38U7GF,53.144943
ID_DBRT7TVIX7,56.97406
ID_54D4NDO8CD,61.151276
ID_VPYHEA7CVT,39.87337
ID_MGKJ0RTNCA,52.708916
ID_PBLNQNGUNQ,64.045074
ID_6AI4LZJQL2,67.029915
ID_GI877V9VPN,80.838646
ID_TRT58YKSQO,47.03037
ID_C5L2EWUJ1S,73.11473
ID_11EEYPJ7PO,66.29986
ID_XRGD6NFM3N,85.1246
ID_669DNH0CMB,43.700188
ID_HHNNFJAA0E,55.146088
ID_UVMBBCUS4S,74.54875
ID_Q0AQF57FD3,75.92885
ID_BFVIJL5S6X,40.622704
ID_26K9KLNAUI,69.61413
ID_B4IQ7E9C8S,81.08895
ID_Y2R4ZCMEO0,49.47
ID_1H645S33KG,52.918846
ID_VPZASDQJJ7,73.21915
ID_PSM1F3F0G7,51.30457
ID_Z0DMXE5KAP,75.10684
ID_2MEHLD4DKV,55.12407
ID_BMWHWORA2C,74.879616
ID_OYN6XDNE4X,64.079704
ID_TZ88H6GFPL,63.44746
ID_UK9XCRM7JA,72.64221
ID_8RS290TUJP,68.82251
ID_2C9ATWU5DA,42.055977
ID_9SVS88MUNN,44.428265
ID_W0Y5B7J87E,35.66994
ID_QIUYCWJYF7,23.512768
ID_2JJCUAIIM7,38.40261
ID_HSB6Y4YN8I,69.88478
ID_11U2TQJURU,44.295788
ID_CTCQRQ35Z3,31.684467
ID_RNFAEUH4GK,46.49232
ID_20SEY2K9IW,64.85715
ID_KSG2YFLYWY,49.289577
ID_Z6FITJ06Z6,41.91057
ID_DMC6RUP460,47.46759
ID_A4OHVULG2K,68.13504
ID_ZIY1M85G7P,33.027756
ID_FJ7FGQFC1Q,62.834644
ID_26A42PRSC8,87.04301
ID_82CDGKQY1F,54.488575
ID_9A0D85KZLM,75.31408
ID_OEFV83V3OF,73.39599
ID_3CX7T3R811,45.36361
ID_X6K6I0FQRA,64.381615
ID_E69YRGVE0T,75.67793
ID_OHJH6ZVY3P,54.66965
ID_DO61Y9KW0S,47.801292
ID_DA02KAFLYW,38.603046
ID_9RG6SLMJSH,54.907696
ID_ZGF1YLJCYV,46.692383
ID_IFUH9Y65LD,65.082275
ID_WZW8M9C80L,74.23494
ID_IP7S00FWRH,73.842766
ID_M2LO3V4O47,77.06306
ID_24O1CXNNTK,49.734924
ID_A6LM06R727,64.24833
ID_YIQO3GKIO2,64.64626
ID_DY7P8NV2Q6,62.258976
ID_O8E955JLRD,34.549423
ID_5B9BDT8N7P,55.727303
ID_YHMB3MFMN1,82.31348
ID_8ZX4KWX60B,51.62244
ID_7G07GC5VM1,17.210306
ID_GKSR27LPFB,66.44671
ID_SYTIM5I45H,57.80806
ID_2H68PR1LHH,62.041805
ID_X5WKISZ7JK,66.95252
ID_KODESBBV6W,68.36002
ID_82QWN5X7KZ,52.26439
ID_C7YTHFGJ0W,43.22167
ID_KOPULCE7GG,65.80116
ID_CQFNO6M87S,71.29413
ID_2041C75XNG,75.16435
ID_GCND7SHENI,63.01856
ID_0Q4XCSTTD2,49.5179
ID_DT2H6A8Z93,59.00121
ID_EU9QWC48YF,54.296505
ID_NS5QM58DXK,71.36379
ID_BGPIV0YTEF,82.436745
ID_V0AANMCARY,67.03549
ID_BLKMVDRV9M,62.394714
ID_ZU3G377M2N,50.658295
ID_4A8I5YZMUO,60.364594
ID_0A97C1JKRR,77.668
ID_DGULS2Y8GM,83.655785
ID_UVWCX03ST7,30.478968
ID_956LCP2PEA,72.63973
ID_GS924A46EU,60.29026
ID_U47ECMOSKQ,42.770844
ID_7AI9I02Z03,80.916214
ID_CT4J32WT8C,72.820175
ID_Y10XWJNH9R,46.46654
ID_EI8KBBZXP1,58.879616
ID_GSNLZAYK7R,70.092415
ID_2KFUUV76XB,66.99324
ID_SROYX97IO6,78.50611
ID_SEKK76BOW8,43.17798
ID_LO2XN0EDVS,61.57779
ID_GY3RXIPT50,63.51569
ID_H8OPF1X6BV,73.69807
ID_9LUKVOAL2J,58.161396
ID_UWZDA5BKGS,28.23042
ID_Z4IO0Q2BMO,58.24602
ID_4Y738Y3WTN,48.44169
ID_DVBL1LPNKB,66.914314
ID_K3TIP2VGAN,35.294582
ID_92W7IXV2DK,71.84595
ID_PCSUQS4OWT,27.923613
ID_DJYSKAODKS,62.26159
ID_CYUEX2SM5T,49.418247
ID_JNE4XFKT77,53.183693
ID_TNBYOJFZPW,23.398006
ID_ZGX68EOPS8,41.036476
ID_MVP53M4UXA,73.63002
ID_9MF5H9XMHL,66.235275
ID_GBO2ZM60NP,49.39404
ID_8LUHS2YCPP,47.747143
ID_R6MSUWOHMO,80.894875
ID_7I5TIEEG0P,56.47531
ID_IQS431XAWL,75.21488
ID_Y8F4O63BFL,50.45682
ID_LOEPDPCMQI,75.50672
ID_GHFPX90XLU,82.36394
ID_4USQEXZGV9,51.047916
ID_YA58A7SQVH,63.638596
ID_K8HZQBCY80,43.497627
ID_KKA452CY40,54.433807
ID_2Q6IAHYN84,54.227787
ID_N3MQ0VPG3C,48.923805
ID_FD2UHYPNPX,52.489834
ID_85XG6XAHIV,62.10166
ID_SWVV9Q863O,84.375565
ID_N85MSVFXDD,82.89618
ID_90HKAV76LR,73.91999
ID_M8HC46E7U2,64.847824
ID_A3287FZQDL,50.019577
ID_WWMNG6XYTY,65.31529
ID_6WACEHSTQW,66.21162
ID_2A5S2FDML3,66.19684
ID_6K9IJRYT0M,71.36408
ID_YCIZ6IA8ZJ,55.44211
ID_O1952XMMYE,39.32902
ID_GLKF2579ON,68.505325
ID_08F11AC145,57.99785
ID_765JWRW8LD,56.967384
ID_GYHMOV099C,69.48756
ID_IKHAVL2ODO,33.081673
ID_2PXGT3O1ZU,53.323513
ID_41XOISSCJJ,53.57137
ID_IMS6BR23N9,61.175385
ID_P6S7C0B8OY,70.82929
ID_4795C6HLCZ,53.612972
ID_4685WYNEPJ,78.45191
ID_R1UA6NY5DI,42.719067
ID_QLO8L5MPD7,65.33988
ID_EPZZBDGPSV,81.66086
ID_79JFBL4Y3P,57.86396
ID_UMAZV41GIK,67.60893
ID_DEN902PJ97,63.43362
ID_7012PZ7VYP,51.937725
ID_0Z0Q7ELYLU,36.8724
ID_JQTKNNNSED,80.70389
ID_93QXO81KZJ,40.75267
ID_7YZ8M0WOXC,73.756615
ID_380L52NFRA,74.02271
ID_BJ2RBVNLTP,69.081985
ID_CELOEFCP90,56.41407
ID_URM50HANCJ,68.23744
ID_0TH9CEFYBH,73.16943
ID_VQV0VPTVOE,49.84868
ID_IVTWY0UPG8,42.026417
ID_G0FDOL9GP8,65.3495
ID_XX0E8GVRCR,70.16877
ID_OJIKGR80LH,63.02597
ID_R1EDPIKATY,72.10798
ID_4SUH62QERI,68.30033
ID_WH1HH6PVXQ,40.63179
ID_M5LG77TSOL,59.366203
ID_K0XFAUPYT9,75.192535
ID_4UZM8UW0B3,40.685867
ID_43NJWS0PBP,37.89422
ID_ACZ8840HYI,45.56049
ID_P32H4FXN7X,54.101826
ID_HU2KKX9LFL,63.421883
ID_D3D3SVXRJF,47.00569
ID_ARRLI1ZGUI,64.61671
ID_B3UL2FWEMK,51.955048
ID_9H008DFW1M,81.626045
ID_32RW95AAF9,49.53225
ID_XUYJD69IF1,56.99101
ID_U67A5KHNDK,31.943089
ID_G4HT2KYN3J,79.57148
ID_X65W12UX0P,70.26751
ID_DSUR6CMDRL,41.613968
ID_3ZGM1HDW51,46.22787
ID_0SIC46I4XH,47.07819
ID_A0BRH5LBWI,40.427513
ID_POYVDRW1Y4,42.594276
ID_HPO6S32ROL,49.54225
ID_94Z3GK8Y88,61.713642
ID_8YQZGUOLYJ,71.32485
ID_B2Y5LM521T,66.58168
ID_KWJGLOZLUP,66.26069
ID_W6MAPRGVSJ,45.8632
ID_CST8UXVYF0,85.21671
ID_Y29QDSRCF3,80.8353
ID_JHKZ6M439S,42.909336
ID_O2T0B4265D,40.150448
ID_ZXHCB9V6R3,60.065456
ID_DX6XJXG2FX,46.188744
ID_WTD41NDJEW,52.249496
ID_UJBMKR1QJU,60.920753
ID_8UC6VMNHSR,40.56561
ID_3XT5FM0TNY,54.47293
ID_X9I3N26EOA,38.123863
ID_B1WY05SW63,73.43992
ID_7797J9DTFG,74.819435
ID_82QQ957RDZ,44.472935
ID_71UU48C3W3,44.023663
ID_048RO1ELNH,64.89597
ID_THR46ZQTT0,79.79246
ID_VEGAXJ2O1H,70.622696
ID_NVB312EL2J,51.66341
ID_4M8WFN7HLI,53.0971
ID_8CFEA0YD2Y,43.743404
ID_ZST6AFZ1MW,73.20373
ID_SRRQ313624,79.44135
ID_TD4EMSJUF7,57.91446
ID_VSYE08IKZ5,81.50901
ID_GPE1S5434R,63.84488
ID_FI5TCT82KN,61.105274
ID_X7GLAQM10R,37.538944
ID_6NU8N45NOP,41.168533
ID_C1L3W4YPJF,61.10731
ID_UTDMOAK9WT,82.06474
ID_DNNWU48Q07,50.78338
ID_KDY3TISYXK,66.03472
ID_BV3Z4GHVUM,72.72931
ID_FKAKVU1JH3,59.825626
ID_EV8QQVE0CG,74.05256
ID_61O7CLZJWJ,76.42346
ID_B3T4HN755W,55.53546
ID_SG46UCT6DT,53.339676
ID_LS7JFK7EM5,81.70718
ID_83OUD40N1N,63.214558
ID_NLRTZF8GDM,60.829315
ID_FNAQZ9YPJ0,72.9204
ID_T1DVCOAWGU,45.85358
ID_01D01SW505,48.23003
ID_FAVC9Z70GG,74.090576
ID_KSOOHX70Y7,62.534805
ID_3H4NFMFGYB,79.745834
ID_6B3T35B3NG,55.308758
ID_8IZAG2XF6P,66.11801
ID_F5KY71EWA3,63.23234
ID_JYZ1U6LYHT,64.62882
ID_XXE1CDBHHU,71.56096
ID_YXKZAVHUK8,71.91362
ID_6IIMDQC260,63.386486
ID_XU87KVHPUD,51.09419
ID_DI88V5JO97,68.512985
ID_GHNQ46GEO5,44.256416
ID_MBJY0WN7BT,18.716255
ID_GH47J3G1EX,48.77191
ID_X4EKFBCBQP,42.234207
ID_551JTDU85F,74.84824
ID_UNLXNOCCBM,82.687195
ID_SGTMAJJHOT,39.28184
ID_2N6G5FGV3M,85.13603
ID_8XRSZRORWC,72.183136
ID_LWMVVRDK4P,78.01669
ID_Y72PB0AW5I,67.27876
ID_8V9ZRX3RL8,65.007126
ID_4AZVJUMOG3,45.65803
ID_EV6MR1YSDB,52.362076
ID_JN4AOGSN7K,62.92101
ID_RV43XUNAYL,45.103065
ID_W0HS2SBNBX,83.68626
ID_S8Y7L3I1WP,21.054811
ID_9VP0RZ2FIW,36.847073
ID_YIV4QD8BX2,43.694546
ID_ELVWKLCDZ7,64.32638
ID_GQYE6UEL5R,43.198265
ID_8GTFX61D92,49.067467
ID_HU92OELDNJ,57.34247
ID_X3518HPLBD,57.63617
ID_DWPGH36P1H,71.2051
ID_IKXBLF4NTL,45.405823
ID_LGC9FDHZT6,56.520893
ID_3TVPEHJ5MA,85.0206
ID_46UGNCKSRX,59.43837
ID_KSUZIYYKRE,63.363132
ID_MNHZJCWY77,81.75152
ID_RH84OSECF2,38.04994
ID_ISMFCIBF6X,58.971443
ID_UB90FMJDT6,28.57803
ID_6DHJ38UXS1,38.232452
ID_DVT2E2KELQ,79.181854
ID_JG4XBJTZEA,50.51716
ID_HXMZZKN0EV,47.953995
ID_UI884W3U7L,72.69799
ID_39YSKNA1ER,72.19517
ID_71G4JBG3Z8,63.59899
ID_3G51H2AJE6,58.463108
ID_1VZOGVGANA,50.025425
ID_SVXHN29GG7,77.37811
ID_01AGK6R9HH,47.10994
ID_Z0O3MUH7ZA,52.91889
ID_8JU8F91BTJ,50.09217
ID_ZAOPIP1Y7Y,79.97615
ID_8TJV5PZ9Z2,53.51676
ID_1PQ06TCDO7,73.78088
ID_LZVFFY3QLS,38.79921
ID_Y7HLFD3N76,58.789673
ID_K6VXPZHLWJ,63.903206
ID_ODJMY4B2EQ,56.83218
ID_0M8HL2GVFK,52.62223
ID_FIRSPGMGTQ,39.05845
ID_878G4WK1GK,64.69689
ID_O9CXC4M32Z,57.454056
ID_7MXR4MP2YV,49.357883
ID_CHLD7C77BR,36.448627
ID_EXT1PZN3LM,60.473953
ID_LE4SF1V0ZM,44.850903
ID_DP5PO8CPZP,71.3099
ID_7GSKAN744T,66.20604
ID_APK4SP17RB,87.72369
ID_4XR4XHB76D,71.892845
ID_0HTEATJMKD,43.99396
ID_PVXXFEVVMJ,48.877396
ID_EGIG3C3BA7,64.78267
ID_AXNJ7KJ9YM,53.25505
ID_2WSG75NFQ7,64.45254
ID_XV3SCX78ZH,85.373726
ID_M2UDVGVMQ5,42.58167
ID_RXORM7P7T8,49.408398
ID_WCHBUIZZW5,66.12146
ID_IUQ8PBZ6RJ,61.975143
ID_H3AZNZPX08,62.126144
ID_2VCPHPX28P,68.557274
ID_YBK32VT04Y,84.39353
ID_G7TVB0AJF2,63.565445
ID_KDA63MVNRE,68.30062
ID_1C06UYQ9H9,48.090218
ID_F0B98Z7X1E,50.107864
ID_MYDE4Y8UBX,45.49103
ID_N15CC9SL97,60.496197
ID_2LQTVN6MK2,60.1981
ID_FENQZVLOB3,8.188362
ID_OXVTH305ZN,51.17538
ID_6I735XDNBT,66.393524
ID_ZJ4TT2I6D8,44.151096
ID_DTBOH7SFGK,42.74937
ID_BNZBP8KDYD,71.21787
ID_WPDVKD40FX,53.414448
ID_G7NRRDPROI,57.84956
ID_XK73248PG7,51.750694
ID_MK6UDC2AZJ,55.63024
ID_TFB40UBMF4,77.85197
ID_BG4BPLHBEK,61.74346
ID_SDIXEKQVZL,67.9277
ID_YZTL9JLIOW,58.155815
ID_RJHUK0M361,58.89918
ID_IK3HR1MWSC,64.514015
ID_JOXH5Y4P1E,64.22834
ID_41F9LR6WDF,69.71141
ID_D58HZWXUIT,77.284706
ID_AT3ON8M9GN,73.0089
ID_OJXE12MQUX,66.25894
ID_BUPJL7YIRQ,71.22487
ID_HBU6ZVE2MK,52.57703
ID_MOTR9NLFMG,45.05061
ID_EFPTYAFCL9,48.064903
ID_ZTURQJIPCB,42.641006
ID_V710ZYIBZB,65.300934
ID_HXQBSACPEQ,76.93212
ID_WIYK0JH5CD,39.145386
ID_KS3RC9A1WN,69.38461
ID_YLY2H0WVOP,43.19092
ID_BDM4EGSTRF,66.70326
ID_LL22YLU9U8,71.33083
ID_S4SV9XSEL6,63.74102
ID_ZJQCH261G6,51.114914
ID_3BJFJX780V,75.357445
ID_Z2FSP5SXAG,70.84516
ID_W52ZK8OL7O,77.22032
ID_6HQH4D0K02,36.094643
ID_BE9OZJ1ZTX,54.89992
ID_ZU1P3K6J06,44.560806
ID_JEY1DIMA0I,63.75314
ID_1CJ3DRLXX1,57.694027
ID_T3R1RBREMP,50.432987
ID_Y4ARL1RN77,62.748413
ID_OLH4Y1QAGQ,72.687874
ID_NWI70LRY42,55.02243
ID_LKUCQ525EM,39.41796
ID_AEXTVO0N93,47.36099
ID_B7Q61UJGLC,64.8101
ID_9V3UOHTO0F,85.417915
ID_03D3F9PUPM,59.128624
ID_O5ZL1I70JJ,67.03434
ID_3QL87AI1DX,45.606186
ID_IJ0HJHEF4P,58.45618
ID_M3952JR2V5,75.3944
ID_3EPSH5L0U4,48.248226
ID_Z69LJE2K5L,66.83118
ID_AFU22BN87R,40.271973
ID_C4DM7ZZB9Q,31.491121
ID_Z9D6V6O4JI,60.576313
ID_6OQK7KWBBP,64.61897
ID_N8T4HP7MYW,36.87723
ID_DVA1XMVYB6,60.814693
ID_61MKOZGA0P,23.926811
ID_U6JSE15A5S,35.938217
ID_CBGYIKCK7N,78.483536
ID_39FM642RQP,78.73382
ID_3JFZN5UPPZ,53.941013
ID_D9X1YXZGZU,39.83261
ID_CEJRJGK24P,79.13116
ID_BOUCT68OS9,61.960537
ID_HX4DNHA0G6,78.77372
ID_V45EG4Q1SL,35.42634
ID_DL9GHNNXNC,54.1609
ID_TM0IRH9MHN,68.51279
ID_YDRJP55INM,66.65329
ID_I0WYDY2NUT,21.638472
ID_KKOS3V3IKE,62.153618
ID_44NCINS274,38.645763
ID_8LXZQCTT9D,54.746124
ID_8QI500IRFT,56.180634
ID_HUXIY0KWBC,61.93054
ID_7H20ALVVPH,57.68205
ID_CPDAIQ5LN1,43.768658
ID_0FJQKJUEUA,77.48188
ID_YNGLBB42S0,54.921955
ID_1ZHRQNOW5V,57.55329
ID_F20SC8IH0P,42.56807
ID_J2LWBVJC18,22.56653
ID_1QUGWCWATW,41.78541
ID_W429RY0RJT,58.329105
ID_DX9QNXLMN1,67.90795
ID_T4P4O3QMGA,67.45587
ID_BYFLC6XN15,70.08477
ID_KI4RUXAOW6,71.043816
ID_7VLYH7Y2NN,46.875355
ID_1EX6MIFPB6,57.69862
ID_HHKF9RVWCX,45.627274
ID_ECL0N5HT1H,49.971428
ID_2R043H1OXF,50.039368
ID_MJ0US1AFH9,57.458797
ID_A0BMB2L0Y9,44.360348
ID_TVIFA6FK38,54.264046
ID_ZOA4QGWVQS,80.88735
ID_QLA75WC98Z,69.76862
ID_LO78CRB1BI,59.73601
ID_YKML86XXY5,29.085678
ID_1E97VY30SU,38.7644
ID_OSZGS4DLZE,69.35795
ID_RFWDPB0MYA,58.03399
ID_BTPNDDZ90G,50.200012
ID_S2E4QKCVXR,76.22925
ID_P0RIC4QBL8,85.434105
ID_BD90HUKZRP,55.07659
ID_E0IXD9D0AT,39.123238
ID_GRIF5AWDAG,58.34816
ID_Z0XOGJTG8Z,66.33974
ID_ME5GE0FWSB,48.640312
ID_IIDD2TAU55,67.52287
ID_LBCU5R8010,60.312634
ID_D164KL0HDA,48.760174
ID_V5X5F816OF,62.47316
ID_1CD1W4BUUG,65.61685
ID_60ME15J8KI,41.51063
ID_717JXIJ31Q,37.144463
ID_YHUEB0873G,73.03461
ID_2S7E5OSD4Q,80.66428
ID_WGF1986WB4,69.275406
ID_G2SNBGINMJ,32.376926
ID_MEO7A6QJZ6,64.401344
ID_WG8LQBVMWZ,57.356018
ID_4VASXHQ0DG,56.60702
ID_I7MGWZXWXV,65.4434
ID_6NYD08CH4C,56.533947
ID_UWX8O31QWM,75.52074
ID_GUV55TD7AT,37.536945
ID_ZJ3OCQQHRF,67.52119
ID_BLK4KBW0WW,70.783455
ID_CROHCI61XM,56.81512
ID_JB8BTA5J7H,45.694096
ID_RRPR86K1HR,57.383568
ID_J8YARZNET7,78.18361
ID_B2FYODIPHL,71.36988
ID_4JXCSKTZWK,59.106068
ID_VJ2ZVHGCA1,61.036674
ID_Z70AO8BTXC,30.713633
ID_X0M2KPAGSK,24.833235
ID_PJO8W5KY7D,66.06122
ID_F6DHK5Z9BG,54.832096
ID_G97UU49ADX,80.447525
ID_YWYBKXUSYM,61.278973
ID_J9BE8NEKSD,75.70947
ID_XCE1K0EX4H,64.332794
ID_B0DLJEHRR3,71.85078
ID_TVID96EB2B,40.068848
ID_TV47EQ1EMY,34.789856
ID_QI9Y1RVULZ,72.082535
ID_AQIG3F48FG,85.17857
ID_TIC8DEKTC3,39.380184
ID_LQDE0PBHT3,60.870167
ID_YCGZT0O4C6,68.9692
ID_NQT8UP3GFF,77.81411
ID_UYEEYNDRQL,64.457954
ID_8AXU78GIJR,40.781174
ID_Z834G5HFUA,14.082412
ID_23TQXQRUJI,56.853157
ID_M6EO61ACNO,46.863426
ID_B4EKVITX7Y,58.37373
ID_N6FFOYKO1A,79.45792
ID_5WAKZT52O6,60.852333
ID_OXU61Q4JBA,45.580612
ID_10I5K50A2Z,71.10705
ID_ZOZGGU6D0O,67.20042
ID_78BHQETQDX,47.263382
ID_3SJ62UP4K2,69.36973
ID_6LI3PF4TEZ,76.34044
ID_D7MRCRN0JW,34.52587
ID_3QXBBS1EBP,59.31492
ID_SDXYYV6TT8,55.12488
ID_3Q5W0E12R7,63.53942
ID_36SASDAOQS,42.54024
ID_PCI641XB5B,77.72305
ID_3SJ743634T,75.39474
ID_AK0NZROJTR,78.77391
ID_54MO8LV7I4,55.054947
ID_O8IGC9H8ZN,58.546276
ID_NWOG5LV47A,60.290367
ID_4YBGMCNJQN,71.19104
ID_QZSLK99DCS,80.886925
ID_ZEM49USU8D,72.90262
ID_CYU174MY4S,59.247013
ID_94JGWCW9Z7,70.29629
ID_TKUKG8IZGE,78.380325
ID_26DNEIFRET,51.08769
ID_7D35BBBHGH,29.14636
ID_U4QE1WDH5D,66.81118
ID_6009LXLLKJ,62.26505
ID_0ZY6X6F4BU,68.32377
ID_4BAAJX8QEW,74.09914
ID_3BJJ4ZA79C,63.30083
ID_9GPXJ5FKML,64.41046
ID_4HUHA2XLPQ,57.945522
ID_K03E293CD0,36.27542
ID_92MLL933SA,42.88774
ID_E770RFZJQP,80.510994
ID_RTU9V5E9IA,61.0699
ID_0UHRVGBXR9,36.837906
ID_1ORIF9CTXI,64.56193
ID_P5SR39SPCT,62.139946
ID_T2ANFT8VO7,57.62802
ID_RXU1IU71LP,65.29602
ID_BWL76ZK0WE,43.294678
ID_5UV9RS21GQ,-5.070675
ID_163NV8CAXH,72.442375
ID_WUUC86MXO3,50.717896
ID_BO98R5O359,60.44669
ID_2XXF3SA2UZ,50.703003
ID_Y8MUS27HK7,40.838787
ID_T7EG7MQ58B,52.68359
ID_59N8IU0CRR,61.69444
ID_0G7DDYK93M,63.157852
ID_JBFDP1QOVF,81.81837
ID_M0P50OHI0I,65.679115
ID_JOEV7EODRE,38.718033
ID_VKZEI9QZGK,68.770004
ID_B2ULIAE3YF,67.39375
ID_IOCQHPFOH3,65.53699
ID_W3IYMZVTUS,41.68221
ID_QAOLNMD37E,51.743275
ID_USS3OGGLKB,69.75628
ID_LPT3GTIBBO,69.99936
ID_AONW634V9E,71.78009
ID_5K9E9NR558,46.49528
ID_2IQJCD8Z51,73.63092
ID_ZUKIFR9KTV,64.64797
ID_24VX5Y6MEC,57.54776
ID_W3RPHCB3QY,77.19032
ID_Z24NMRDA7U,75.32269
ID_OIDG14EBXV,84.50811
ID_Y2HZABY05Y,70.74055
ID_VMXLR0J0SI,66.27761
ID_U5XP74PGKT,82.08038
ID_0KLIZZO896,64.29913
ID_HJ9G6DPVVS,62.461098
ID_NKEL3RU1ME,78.78759
ID_H56CBGDBFN,74.04598
ID_3VNX65BPS3,54.054985
ID_HW144CB4ZB,73.05274
ID_RZCKGZQXZA,62.06131
ID_8TFPLWPJMJ,66.20388
ID_H1E22G4GPI,65.78406
ID_R0M04JS1QP,75.66616
ID_AD5BAXQ5LB,80.36001
ID_G8TGB1PWN6,82.650894
ID_D7ER5MGBYO,75.572044
ID_PDH2M4I3P2,77.855934
ID_HD75I7I6ZK,75.913284
ID_5PDMTK2923,75.23893
ID_DZ7A29SSA4,68.985245
ID_UTIS8LECT8,66.17026
ID_513VSKNEU5,74.24687
ID_YA2OHGMB75,49.2179
ID_PSJ2JYPMUT,61.79264
ID_G6GZHXE6MO,54.54624
ID_17G24TUDZ9,67.85179
ID_2HLMQJP0WI,53.7074
ID_QYKLTWXN1X,70.267136
ID_4YXMO2475B,66.21469
ID_SN2M8LFP1S,57.407166
ID_5QGFKMSXRA,56.98831
ID_ZGLJTR3OT1,46.937122
ID_GHBORAX02C,44.270836
ID_4O6900QLUC,54.791656
ID_Z3DV4FHU73,62.489567
ID_9D0D6WUMG1,43.357616
ID_3L4AFHO7XY,70.69581
ID_ERPX355J7R,55.213833
ID_RIW78XZSKS,72.28174
ID_GANAV2SZNX,64.36223
ID_P3KLJZCJU1,33.040302
ID_6M8W3S5JQ2,78.421005
ID_J0OY17U8Q0,51.168346
ID_N2G4M4G4RQ,53.707596
ID_49PX5TEA3Q,77.65765
ID_VIOSJU7OZG,57.409157
ID_5OFEGCZAWE,29.948042
ID_9PK3JXFFP6,69.69646
ID_NCUFJMSO9Q,43.169727
ID_XM4N95NLXL,64.582146
ID_MXP7LZC6HU,78.16279
ID_7LGOHYPKP8,45.081184
ID_G3MJ9MU1OJ,76.85822
ID_JVU6BSGOHD,22.090775
ID_ETW9YRU6O6,36.053783
ID_PA9GUNHJDS,30.012957
ID_FKTGJ4XIRL,87.09276
ID_JIRSLG21T5,69.94245
ID_LSMSL2BL4P,58.144478
ID_Y0UW5THGVQ,79.412224
ID_TVOOQXJWPK,72.922386
ID_SX34CXRPJJ,63.0622
ID_HSKS3C97QU,77.831856
ID_JVFEVVVVW5,57.464153
ID_BCK6V7Q8HF,71.447624
ID_GTES08MY9N,57.075127
ID_ZLXYPB2OMZ,69.67472
ID_GS15N9UDMU,53.358135
ID_Z339YDT90B,65.67898
ID_3FU0SYNFLW,73.64248
ID_TDMBSB0079,64.08086
ID_4OIQP3XY8D,65.43517
ID_2AYWU8OBCS,62.1402
ID_2FEKHJYIYE,54.32086
ID_COYRD46X5I,69.41898
ID_4J3JR3TLV0,74.083786
ID_SFS5V46GK5,65.25819
ID_5XLP2BN62S,56.292336
ID_TJRYLGGUPN,25.947807
ID_SYLT3ZIIN0,78.22627
ID_GKIIB17S8B,54.267624
ID_OUNFP5WW5X,79.50679
ID_9SL39W41N5,63.190193
ID_W7RFMY81HK,50.248795
ID_DE1TSOZFCG,38.00783
ID_VVY0ZTSSQ0,69.39198
ID_AA869AO2CC,65.176155
ID_CVGDV78O07,65.314415
ID_DFVCEMNNBF,55.464954
ID_M050ZB3OOI,47.56708
ID_TGX4IE38OA,31.612612
ID_WJUBTTFWMF,77.52586
ID_IKXWUGN5NE,79.45258
ID_CAEI96BWHD,35.051414
ID_9O964OFAI6,56.95298
ID_EKRMRSYYX7,52.341587
ID_YUZM2YZ3C8,39.409283
ID_AZ20MJE0VC,87.41096
ID_QRJ7MZQPUQ,43.880333
ID_CBM74S72JJ,84.47044
ID_9WP8PHPBZN,56.87109
ID_UWZ6H2OQVE,57.758484
ID_4NWCNA846K,38.742786
ID_OF96ELMJQI,76.30766
ID_2FZA4H84UX,64.97801
ID_5ZO3V7IEYP,63.093033
ID_JJ8JTY00AI,49.05982
ID_O3HXEXGG5M,35.151108
ID_TN7GFQFTNK,56.000416
ID_WFYVDUY1LY,76.08062
ID_11U92G2YNX,66.87396
ID_C4TFWITFFO,37.855343
ID_IPPKSB0X2E,59.822365
ID_1VSEYFUCRJ,39.89708
ID_A7RGVOD7JW,72.40588
ID_DETZWL8XI7,85.976135
ID_9X2X4PLMUP,60.944313
ID_J3OS2LVO1N,30.997213
ID_6R6NAGKMSP,81.71361
ID_GVB690LC72,39.164997
ID_TK2CYHY2JG,73.52743
ID_6Z2UEBQP8G,40.393112
ID_2NARFGQS52,76.83996
ID_R28EFF1GMG,38.00459
ID_FACY77Z255,35.45027
ID_KEEKYWLHTG,54.434402
ID_N802WEOAH6,75.74195
ID_E9RLT4B53M,70.38138
ID_KPIAOAAJYS,68.282196
ID_42ENQD9WBN,47.431892
ID_UQPAL34M9X,60.97187
ID_UNPJHIAFDB,74.31071
ID_BZAE06N1NT,23.323545
ID_WF128GXNNK,64.97043
ID_46AP53AICU,64.33895
ID_V8Y83GXNMK,72.879295
ID_EN4UR2H2NA,54.81756
ID_TD9H5CL8XV,62.133064
ID_W2Z6BXENOJ,72.42472
ID_5YWUHL0JFD,41.341087
ID_0SO5V5M2C2,58.33711
ID_SWQTWUXXS9,66.59543
ID_9ZSH2MII0V,76.30358
ID_A2AAFDJRDS,56.85807
ID_3IP26EWQCT,48.225204
ID_QSIKFL7E3C,59.37687
ID_891K65O3SD,84.0221
ID_0S0EMQTAQ0,63.78197
ID_30GV8MAEMI,40.307457
ID_2PLJWG4DJ3,42.663345
ID_DTZJYP7NGF,23.919168
ID_EMU2X3Y8S0,56.063255
ID_SUV0W1ZR7P,51.45082
ID_57L2ZLV956,19.636982
ID_1UAPAFXEQO,37.10984
ID_O46UB2OPXL,71.95948
ID_BFMC5G5M4P,69.94451
ID_5N6JKDRWKF,39.60064
ID_DX2MBYE4YP,43.538467
ID_YMGZ6ILZCW,53.151436
ID_NNZLL63JE5,73.60383
ID_N2J0B0FUZ5,55.83437
ID_UVPZSEWNG3,44.969353
ID_MKLVSZZJNY,69.079735
ID_4AEAN7TRPO,64.82051
ID_57EFNZ0U5O,31.288744
ID_OQKBL00K5T,63.992523
ID_135WIU9WN8,37.276386
ID_3EMD55T3JI,74.75941
ID_V0N1JSMD4C,44.717003
ID_71HWRVRX0E,55.277954
ID_IDSXJ3VEDF,42.505768
ID_THNLY7HBXZ,66.73339
ID_E5H1E3MYU5,68.53767
ID_SGZ39RPKW7,66.016205
ID_OW95MNZ4VH,60.851044
ID_L9CO2EC7X0,64.24172
ID_DFEC8QQ6HQ,49.87444
ID_77XDF6XMTF,79.29487
ID_CSFMJ6U65L,64.55234
ID_UNIEDFZZFQ,63.657166
ID_2VYYE0C8O8,75.55927
ID_O5ZWEVN99L,47.11284
ID_XUV9J8GM61,66.36835
ID_PJZXDPPQ35,80.04147
ID_2DGHQVHHCW,64.374214
ID_R8QBAJ7MDC,63.227356
ID_R4DV6BK21Q,57.92348
ID_0R2ACNFMPA,80.91407
ID_QHP5H2V5MH,73.03215
ID_55AU5Z1Z7Q,61.988106
ID_TV6UB4Y8PA,58.105324
ID_437ND932FS,64.07796
ID_I1UR6KWKLM,73.98997
ID_XZ72FXRO6J,78.90188
ID_3CHFIENKQK,74.17034
ID_DEOG70NWGC,54.15709
ID_8JG9B5J6K3,63.40531
ID_OL765RU9MO,71.38468
ID_M60S301V1T,43.454765
ID_06Y93Q73YU,49.63607
ID_QPHUBQ382F,58.606766
ID_QYGPS2SE9F,44.042553
ID_9O54784WLS,65.29182
ID_SPXYDZZ0J1,61.939198
ID_D5IHKXF1OF,44.070965
ID_0L34ONKC07,67.021164
ID_02XVN3PKBS,78.39268
ID_84WIBC4TO7,76.372345
ID_PIE9KC9SPX,56.42695
ID_GP3IGJXNCI,47.969788
ID_CWC6KOO37N,72.394684
ID_LKO56R2GB7,60.608753
ID_O3U8YJWGIF,35.926697
ID_Z8MXGLDH8A,48.02093
ID_SJIPV0J04A,55.179802
ID_B6FTTGHBVL,81.64858
ID_DVY25QBFF0,22.34987
ID_DA1XVYICB0,27.435654
ID_TKNG6XD6RD,72.70527
ID_P1SUL7V1Y0,59.43548
ID_W3FJHJ8BOU,70.422356
ID_C7UKVC8EBJ,32.507027
ID_Z2JKYJWGW5,74.36396
ID_ETJLXVQCG1,63.751373
ID_9H70BN44V8,65.61235
ID_ZFRGTK2F5R,58.515965
ID_D5N2IHYXAC,59.51523
ID_QRRCYRXAB8,47.693886
ID_V464YQZA0P,70.96237
ID_HR4RM1P3FD,83.68523
ID_X4YPNR4OCM,70.555016
ID_QYPCK5RFVK,75.07174
ID_PJIN7BWOOU,31.053938
ID_A8DVZ9U3EN,39.98609
ID_AR6NWJBIG3,52.14492
ID_LYJ1FWM844,73.99822
ID_2ONPPM82KP,33.400955
ID_DGEMK345IT,51.195797
ID_YPX49HWBEF,70.15855
ID_5QSQH5VKD9,46.370625
ID_DDGJLGRMNV,60.990135
ID_4N0DJDBZLJ,67.873535
ID_SZP812UE9H,36.436638
ID_NBNGE71B03,55.254246
ID_T5W05BUW2Z,48.939106
ID_G01QJHI410,59.171886
ID_70L8CXJ28X,69.23837
ID_YKE7L81EVD,76.73169
ID_TNJ2WUOB38,47.309555
ID_3XEVXLZKNU,56.111755
ID_X1G44VQAJP,54.389633
ID_QQ4YHYCIPE,63.306343
ID_CQIXRYLP1F,45.994637
ID_4LSDZILXR0,34.015526
ID_471CK4QQXW,69.9225
ID_TKFLF1O7QH,72.05241
ID_CLTXF41I3L,35.0758
ID_SNJL3PKS7I,70.57035
ID_4VBZGVIS40,70.89731
ID_DR40MUH3ID,56.250805
ID_JT52EQ1MMG,63.78817
ID_2ETWTBVJ7E,40.191017
ID_JQVW114DSA,73.018814
ID_1TIZ9EH9TZ,64.156845
ID_5QHEV0KLRX,53.596264
ID_14R8PEYLD6,39.21575
ID_10429H0E2U,63.441467
ID_YDRIBEXMMC,61.93258
ID_RAO8EW72GL,51.291138
ID_5SLKF3O6AH,69.05904
ID_741W7U06J1,56.586277
ID_TSCJU796XA,81.01545
ID_4INNA8TJMH,74.56288
ID_G3WR7J64TL,71.644905
ID_XDHSJ04JJ4,76.43157
ID_NCUM0KGMIJ,32.74224
ID_SZCPZLUYR6,56.347088
ID_SGAREVZK8U,61.558876
ID_KMNBCW66E0,72.91577
ID_56B85ILCX8,40.951805
ID_V3Q0QFN3T4,79.09949
ID_37GI4OYTL9,56.95689
ID_HA2MV6PFZS,60.73427
ID_5N5BI0U58Q,22.438347
ID_F3U5DZW3P3,81.681145
ID_BGZMKH2VDU,56.453667
ID_XFDCP9MTU5,57.368805
ID_ISCCCXJ21Y,67.57104
ID_5CFULPF1JJ,64.300735
ID_0QH9VQ47NM,54.42211
ID_7QHRBMEA9S,82.88164
ID_XE1CFGGAMY,70.17293
ID_APHQ0IP7GD,63.30635
ID_9B07GT4JR6,40.90777
ID_TYAFEXZXIB,52.98357
ID_XKVAHBGOOH,53.792274
ID_Q2M86L00CH,53.5884
ID_O8EW28SHC9,71.97712
ID_11JE1WE2Q9,70.83192
ID_HN3C22WXBF,39.596775
ID_P1QDGT6LSA,40.271923
ID_W7919ZH6GW,80.23053
ID_FPBGHB75L0,57.47608
ID_I2NRKUBI9A,64.48597
ID_2HBYGULJ9R,68.25486
ID_TWK37ABMQ2,42.7714
ID_J2MDRKJYK9,32.392754
ID_7ILZHZGH9K,49.488945
ID_WXJI6TL03O,58.334488
ID_TJ7F2OF5V1,60.280468
ID_8RVNVM01N9,52.81702
ID_CHUXCRABNL,61.651367
ID_J18KE39F5U,49.97077
ID_L1Q2VS1GRA,66.640305
ID_LM7SAKL5KI,72.92023
ID_FTFYLFG6T5,39.592
ID_8K9MNEV1TV,50.8328
ID_AD1Z0R1KAG,64.78184
ID_BVJPDDUY5G,65.40948
ID_V9LH7WPR9D,51.85909
ID_WWJRZJOB0A,64.841545
ID_FVQWGHGM7X,69.571045
ID_55G7JZQ1YV,56.05138
ID_WUACMPSPLS,21.930895
ID_OMY0N98RH8,78.88332
ID_5ERJLHCEIM,71.13672
ID_3O72STCH05,80.329575
ID_LM7OZ8AOKP,62.04733
ID_WH1OZT5VPT,57.935978
ID_CFMJY28SSG,76.95067
ID_V2ZS1KEM1R,65.6059
ID_0GLVBHIVUC,64.36414
ID_5BL4VJM1VD,81.77385
ID_SA9D19J293,77.75403
ID_4FSXK3D66S,58.767464
ID_WRY42UGFDN,70.17435
ID_4CDHFZBSK2,53.53105
ID_8UP3DIOTAX,74.214935
ID_GBBMHQ49CA,42.595886
ID_766U5OF90U,64.56588
ID_6U3V3D46JS,58.298557
ID_EASVMMNKB6,69.57516
ID_EGKO8GFL9I,34.543858
ID_FQQYVYK1OZ,83.68362
ID_4PG481NLUE,55.365646
ID_RFIMEDYDRV,74.64388
ID_XKSXRJSAA1,74.326096
ID_4HND4OPJ6F,82.77071
ID_7XM9IBCHNM,75.929695
ID_CKDYE00MXC,30.528267
ID_R7CE8H3VS6,48.45233
ID_KIX4CFKXE6,27.21612
ID_V9CJT259N5,52.28481
ID_I6DUDY6SOC,77.344765
ID_EW9I7KYH85,53.227055
ID_6TFVBDKYUW,62.182514
ID_C87KT82AUO,34.64153
ID_EDO47ZNRFJ,81.83392
ID_3XOBL8XC7D,46.12892
ID_Q240NDUEHN,28.826181
ID_HRF8J48B50,70.514534
ID_WX8JVFEPHD,44.40991
ID_877LRLT792,66.928505
ID_JZ7NWSU8OL,36.453316
ID_JVYTU17IGB,80.13301
ID_F4DF0MG2MA,74.79312
ID_ZIJ6KQZ4HL,66.49699
ID_4TDDZWBJEQ,37.665485
ID_MCZ4TW82EU,52.21113
ID_OKOFC0LKJG,17.805302
ID_EP9NQTORV1,76.11757
ID_AHA8C9V2JA,64.48551
ID_959HXF04JH,51.662796
ID_IW3CUDMER6,68.10804
ID_TTHXJRE1YI,74.71197
ID_FML8S931KH,50.945103
ID_60IZEVUL2U,60.28727
ID_RBWFFT6KV5,75.83338
ID_YHLL8NBMPR,66.55407
ID_JSDW2FGQ0O,75.46041
ID_BRC7IFZGV8,73.207405
ID_6ZV0187OD4,67.77859
ID_92F8C2KGEY,80.893364
ID_CXFPQB9VP4,63.472145
ID_B13PZT7MDE,54.063156
ID_8I8YG17LJK,63.754578
ID_EM40W5B100,73.25203
ID_LOXFWXTKNA,71.2661
ID_LO2JUI4JUR,74.32502
ID_F5C0TNQ2LA,68.32039
ID_3BZM5XAYL4,58.097565
ID_UCZMMJ4PR5,44.068306
ID_FRVCSW75AS,44.0569
ID_OYTFW2XX80,36.04634
ID_KUSVSSCRED,78.31984
ID_Q2CKMZY0PF,51.197945
ID_JTQV8FZQ36,79.02241
ID_7HPU29179D,80.241875
ID_1GYPSK00WC,37.399525
ID_JMUIFKIHFR,70.9092
ID_MX4KSMXXH0,87.27676
ID_Z95XU6RJAG,74.84332
ID_EEHHH7UKB1,48.056896
ID_C0NS95PLM9,71.94345
ID_1VM1F4M24C,52.33298
ID_G8LPZD74KX,64.62553
ID_NWY08X2LOR,73.73882
ID_PU23OSUWWV,32.30866
ID_IGMJKW8BR6,61.625538
ID_73LXWNOLTH,56.217377
ID_MUO099ZBBD,70.278984
ID_BUQ6CL3IN5,81.359634
ID_9J6P9FPXW0,68.98234
ID_H00Z7OM8WB,35.17692
ID_ZQYH0YAMNW,75.95145
ID_RIDUM7DSEQ,32.459583
ID_W7C8YXSXPK,62.00563
ID_73MQ3NSGOS,48.289173
ID_YOVXRO4AND,61.944523
ID_T5CGNVRF5C,80.24689
ID_2AT1O2R228,57.793865
ID_473UN9Z6O4,77.53627
ID_7LEC195HBL,55.904934
ID_B9ZW2053I3,62.03682
ID_SCQGPWR9DO,72.056366
ID_BGTAVT3L5M,74.019226
ID_0Y091HK2LP,73.93584
ID_ZTZSZQXCHZ,44.520157
ID_H2QQHFB98F,69.73517
ID_SQ8SGQ0CJP,52.738655
ID_TF11MWCZY0,81.73049
ID_QA8ZATZVCY,63.601646
ID_CZ0TQB76ON,65.113335
ID_NV86MPWGKQ,71.874435
ID_NF84Y63030,64.32969
ID_1JGJM44ZTR,79.93228
ID_C2ZEP3WH3D,46.43608
ID_QZE8FER544,67.710556
ID_SJTWBFX9VZ,24.900225
ID_2E7TD2BVF4,40.28379
ID_E9UU02UPCG,41.855026
ID_QVGRI1XFOE,75.09889
ID_O83HMV6EQN,60.89196
ID_57GSKTNDYT,75.491776
ID_56389HYH80,51.82393
ID_BV3QE8YDUH,63.457146
ID_ZHGPBKF6LB,34.215378
ID_AT27CHQJTU,26.575167
ID_CC3HUXXHJO,51.648895
ID_D2QIAWXBTI,46.56521
ID_59Y4VKDKIH,56.672977
ID_CTN5ISQJBY,64.60397
ID_7TFB8NHLY9,66.357574
ID_ZD7VJFMNXS,63.64114
ID_U8LY5YP8SU,42.910713
ID_YD4C4F9658,74.960655
ID_3V5CCXBM34,48.054382
ID_1Z8JLN02CL,67.4016
ID_2K6V47DIVG,73.654495
ID_M6Y6TJEL0M,61.08778
ID_40WPJOUMCU,71.41821
ID_K8XFEZSOD5,76.13897
ID_1XWRHPVESI,58.47858
ID_3RLZRJ317N,67.43989
ID_8FB433SN1Y,55.643993
ID_VPOZP0A83Q,41.906113
ID_7808ZPE6YQ,57.552017
ID_K59LRES73Y,62.854153
ID_URYY9ZJ5IG,72.467384
ID_XMJ3G3H9WY,84.64644
ID_C39G088XSP,67.20906
ID_EU6O7MMDXM,32.358376
ID_OZVIV6A6NZ,45.301323
ID_W1QTXP2O60,78.96168
ID_Q0G7KR6ZNU,72.992035
ID_HM9F2ROJZG,75.16826
ID_UPXS8KQ6J6,62.838524
ID_EK9UXYCILW,67.528046
ID_V8W6H89OGZ,48.181293
ID_J3NC7PN62I,40.493404
ID_TLQAJTBC3R,75.33542
ID_RMRPBQZO5J,61.50965
ID_NISAH9R34T,71.3762
ID_K8IJKUOFZQ,49.67289
ID_4ZGK8WGKDO,74.14328
ID_K8W8MMZGLG,69.12628
ID_1Q1IPVGRYV,78.63133
ID_ERM50VZNSJ,71.49897
ID_6KNZ37JVP4,26.355295
ID_YN8KG2KSDN,71.8629
ID_83K66AI969,47.301365
ID_LIHQ4F48OM,79.61957
ID_FQ6PGKI23Z,74.128235
ID_ZAEYPVG8S0,68.74819
ID_YQHN91E6F7,66.461975
ID_5772L6YLUO,36.031277
ID_171SYFCU2T,71.934395
ID_JT0OCWIY83,68.21834
ID_0P7OVV0QN6,62.814064
ID_G47H0P9Y2R,65.28805
ID_ANF33LY448,45.880814
ID_RHWITYDU0A,64.89685
ID_1N61WSM59Z,35.972805
ID_OG4F0ZWEHN,53.092583
ID_FWQ2SY2H6G,73.016624
ID_OZ5TA8H0ZY,60.541515
ID_ZCVWWMM9D5,51.78124
ID_FY1UWXCRKJ,50.392097
ID_UU37F251E6,71.63494
ID_YFK8G7FRJA,53.439686
ID_JFSU0OLSYU,68.35097
ID_8JO91ZXO23,73.61666
ID_D61KDPZ1OF,66.38269
ID_8WDHZI1V9M,65.15384
ID_POF843M28G,45.96716
ID_MNNDMWCXTR,59.767807
ID_9YOZALZNOW,62.9277
ID_LAMC1CYS7P,73.957726
ID_QFRQCO4YOP,62.852734
ID_QJBTHJOPT0,38.69174
ID_W2OBP6GICP,74.62023
ID_2YVKEX6KCU,58.739937
ID_P34U41YLR0,69.311295
ID_9Z432WELEL,36.2058
ID_JQVNDHIQP1,69.40029
ID_XEQ2USXM7R,75.95998
ID_LUXNY9VH6L,37.620007
ID_LUEBU4I4V6,77.89799
ID_KA707YJI1C,63.339996
ID_NV4NAKG2OZ,71.913994
ID_7SHQKOXR0G,84.45069
ID_O85FTHM5WI,54.94856
ID_RIWDQ22WOZ,64.837036
ID_S3S4KCZX2Y,57.325443
ID_WCBY9SSBMS,80.43389
ID_MJYRPHR6TE,60.041615
ID_TR9IGRMBZL,51.508774
ID_ERLSY82YAN,60.842915
ID_WKJ19CTXXC,49.126774
ID_HPEVV6NCQU,65.24315
ID_Q9JSGX0CPY,65.24247
ID_TK9JMV8PPN,47.263554
ID_0S1JS498Q2,73.83314
ID_C1HYFPWMGF,61.629627
ID_BTUEK05BQO,76.634705
ID_B5L1AMFB9R,55.90642
ID_E8EQRDB84Y,64.93778
ID_F6FYP41KKU,46.17014
ID_HTHRDYO812,58.06025
ID_B0JGLB0EQ3,53.976604
ID_RP8RW8MJBT,85.81633
ID_OZQRO2WG4B,87.4942
ID_24E3MPR81E,59.966324
ID_2RYK1FD8QB,60.11407
ID_46GRSMIDXI,69.82128
ID_5P77X5145A,65.90037
ID_U5BB3SP27V,73.84599
ID_A5Z1WO0779,43.094875
ID_ZCQ5LGQ7G8,37.432
ID_XOCW74ND8T,31.798788
ID_6VFCKMR81A,68.48674
ID_WRHVO3CV9V,67.08261
ID_YPZJK1AZ0U,59.706535
ID_JGJCCCGCSZ,43.427143
ID_LXHGXN29CI,55.21593
ID_9VQVE2BFM5,55.994484
ID_V5NED2DJC8,73.40455
ID_NOGANI5QCP,75.92759
ID_GBWCOGV88T,55.79562
ID_UTLVXX83T2,64.25471
ID_BG678HMUDR,39.16592
ID_PX8DGYQVYN,74.175575
ID_8B6HOWDF0E,59.485416
ID_0VDCSAZO4K,26.54253
ID_PNR18WAEXH,33.80258
ID_8JIRPU32AG,67.88731
ID_V927UB585Q,70.11227
ID_D4ASJUXSS3,47.322865
ID_LORDLRKRKU,37.812298
ID_2LI98SWA3Q,71.41167
ID_ZZSIUMMQ5V,59.56129
ID_A1W75MQG08,41.74552
ID_5Z5GUCLKBA,77.104
ID_GFNBZVFIYE,53.461273
ID_R9C0Q7QVL4,59.79583
ID_R17HWDOIEL,31.963469
ID_JM9EG52WCN,67.50574
ID_6XLFU6C8AA,39.162086
ID_X3E9F4LQVN,70.570984
ID_OZNT9GTA32,62.629257
ID_3K91UEPDGD,35.830933
ID_YLG4YMCA3V,68.00907
ID_5MK173155Q,64.42966
ID_A2LUUIP96M,70.09649
ID_U97OUBZAMF,73.30568
ID_937K5PGGSN,57.43657
ID_WBG4I5460Q,69.99481
ID_BYPQT832T2,30.80665
ID_IAHQOAS2Q5,79.49646
ID_VMSM0T7LM4,46.529842
ID_MOA746275X,61.83516
ID_MZ9L17WJAL,65.6532
ID_URJEINGHK0,51.653564
ID_6X2QDGXV8V,55.261475
ID_RZR0M21JMI,59.757095
ID_EAIMJH0NUK,83.527336
ID_00JBKK1OOM,84.13107
ID_FG9MO31NU7,45.593636
ID_U43Q9FDTVC,54.28346
ID_VDPDB20MPB,45.956787
ID_Y6KN919IGF,71.13984
ID_KIA93HAK9C,75.66761
ID_0C6DZY6LOS,47.11729
ID_QTLQB7GEI7,75.749626
ID_UFHY6V43HJ,61.335976
ID_6J5EO08CTJ,71.86345
ID_9YHBSEQC9R,71.496544
ID_Q9JNPV1UWN,37.299065
ID_MP1PTSVKP8,60.26532
ID_QXN0HMK6U0,42.494923
ID_511P9AT3YV,50.450573
ID_T1Q4UYPY4D,59.32511
ID_KA541YHHQP,37.796413
ID_KG76ZD92BF,73.885506
ID_CKOFKZFJC7,75.95341
ID_RFSYLJEAUS,53.1266
ID_2J3RKVSASG,70.16366
ID_X8P1AF4E0P,52.192368
ID_WK8N79O23H,69.56042
ID_XMD0O5NFVB,67.403076
ID_DU0TAIOH5L,73.072754
ID_9LJ4HC2DI5,53.624382
ID_4COFOSP5KK,71.80113
ID_A5ZT8M5VXS,79.41252
ID_0QQSN75DCB,68.050354
ID_AZPEA897D2,57.183514
ID_O5A6GAYRD9,63.761513
ID_KSLPE0I2BN,42.104275
ID_FPVPM9SZ7K,68.94905
ID_5OSGPNXGMM,80.099365
ID_MIFUPCFPBY,35.754032
ID_DV2MBZ3R97,61.80768
ID_DM8LXN5UVQ,44.53853
ID_P6B25XMB05,65.016396
ID_IODNMLHGRQ,44.485332
ID_NW6GSFAAW1,39.48419
ID_JRKIF32JGI,74.25493
ID_X5RFMMACMS,75.3907
ID_DASK144HJB,60.31493
ID_APFC8DFK20,58.09893
ID_TKOXLBC2CY,66.66034
ID_0P24UKIZNU,78.49137
ID_J0OTZ5FKGK,38.13389
ID_NOMZ14PPOQ,71.60624
ID_491F3SDU6S,66.315094
ID_IIAD6DMTP0,70.78868
ID_ZXKPS2NMDX,57.684532
ID_0BFPHW0AX7,77.93169
ID_PHXYO1I5FO,72.99838
ID_AEM59NVPXZ,63.4835
ID_DAQABGB66I,79.384224
ID_YJU8PHOKSW,65.41775
ID_M6WZBCZZ8N,39.501396
ID_R448F5XTLD,63.238274
ID_H58KY512HJ,43.5567
ID_TSJMLLY94W,41.557423
ID_VJY8V9XEDW,68.50362
ID_JV9YZ9YUQD,75.361885
ID_R90DEXAV4O,65.12831
ID_7RM5CRUQ1V,24.35802
ID_NWQHXKRL31,47.345455
ID_XE2FJSRSPB,62.347286
ID_W6NUMDB173,32.955322
ID_EJ723TIXWG,64.61949
ID_SEIIY5BRQ7,53.61498
ID_BOPQGRC28V,87.4566
ID_RQRMWP2BP4,43.419052
ID_6S123U57TS,60.260044
ID_AI9TOJWNU0,57.89046
ID_3J83VRPMGE,68.70459
ID_NZG0CMC1SU,57.59607
ID_8KX74E4OVX,81.929695
ID_ZG9KI6OREW,72.27527
ID_7XXLZHVOBZ,77.61613
ID_8DPMY60V8R,48.022545
ID_F8NCQ512IQ,36.369194
ID_JNFEM96VEO,66.24647
ID_0YZMIYGNE8,64.78377
ID_A94IZNV2JG,57.05577
ID_FZR8850G05,38.89354
ID_F5KEQOC59A,71.0778
ID_HN58BMMGYT,30.203022
ID_8TBDGBQZE9,26.773209
ID_JRVT1HV9U9,68.60887
ID_YTWSKXO1BX,66.923706
ID_6SX1FC20YP,60.869698
ID_FXS5V9QLE6,56.159916
ID_8XA1FKS1Z1,78.03369
ID_ZIJ0HVNFPT,50.809006
ID_R4WY9Z3WRF,44.25427
ID_4SQXKWBTP8,65.12566
ID_FNDKSPFIST,82.12324
ID_IM9GAWHIEA,75.91903
ID_I74C51KE0A,46.466755
ID_5IX1H1T9MJ,75.74299
ID_1G31UXFCI4,70.93888
ID_5CPBTVFURQ,61.197342
ID_4RPSHIHL5E,66.59465
ID_KFT253324N,62.6429
ID_7FXS4MF9DX,66.26548
ID_NWG4JEBEEX,51.43541
ID_A06OGZ0L03,79.19554
ID_R13DYL9RFZ,70.85452
ID_L4NGGT0AU7,59.11437
ID_3D97ETY6TW,36.95068
ID_7JCOOGLPTT,83.38869
ID_JZY0SDCARD,69.02084
ID_QYWI3H2O11,64.04929
ID_2Y9FT71AA3,55.049835
ID_29QZ3RU7OJ,37.820934
ID_ADU4BIP8MB,68.90247
ID_O6OS5H8FA2,42.2994
ID_E8QCRE5BVG,56.419247
ID_ON6EBQ2VAL,41.91527
ID_W1EH0MRROB,45.351185
ID_MTEDOJWXO7,62.331825
ID_NK3L8ZSL88,76.572685
ID_A51HI4PDOM,61.66818
ID_ENX4M28ATW,23.726797
ID_YEAS4MHZB8,48.079727
ID_BNH3O4YHPS,60.751503
ID_MNP1GH4URP,75.48549
ID_ZNOEDR0021,39.859386
ID_NMQZ9QD73Z,79.96816
ID_KM8SJXH80M,66.69688
ID_5LCZL8ZFHK,67.398224
ID_WAXHYE7ODZ,71.81398
ID_3XBVN7MEZ5,71.4537
ID_I6U3B4MI2T,59.1414
ID_TYBWCMSJGC,52.092422
ID_5ONS3ZV5PU,58.79519
ID_IZ27M8MPES,61.746723
ID_FVEW3PWVAW,49.75542
ID_WH886YJP9I,77.43713
ID_LU9I4LFSUK,54.28732
ID_9OW0HQKYCN,29.300224
ID_RN3D85VHT6,74.73688
ID_9GNFQD7WXY,76.00873
ID_OMUPGW12EI,40.329624
ID_Q7L6XKF4NV,44.35386
ID_S9SUSO636K,63.53156
ID_2J6LMDHSYU,65.414734
ID_2LKVSFWN9A,43.63376
ID_SYI623ZF3N,79.348885
ID_ELC451Y8SU,62.000492
ID_Z8JN0DDRX6,33.187992
ID_TYMV8FYHXC,56.36006
ID_7U3KTG2Q18,76.515976
ID_IZF5E5OSFB,32.627396
ID_E73L8ZI18Z,39.26874
ID_F5UTU11EP4,45.027252
ID_HXURCTZUH4,67.336555
ID_62RLH7CVJM,61.187996
ID_R00ANRQ7KJ,78.01858
ID_HFGAL9QTE9,53.56301
ID_QZHGKJXATZ,53.36963
ID_93LGXLSIU0,60.57899
ID_XBGQMUDM4M,80.9479
ID_UGM9ZMK3MI,64.851364
ID_E8TDPB2P7M,76.8255
ID_V8W7G1PN7D,75.86517
ID_1VU3ZE1AKS,74.33574
ID_CG966AF2WC,61.963303
ID_8PX6KYFJQY,83.75727
ID_95TY7UEX72,78.755684
ID_33CBIEY3QG,81.85267
ID_MWG87OFUKN,70.69347
ID_PB2KHIMJ3U,40.03493
ID_23DU2NUYVW,36.55613
ID_S5ZPFXD0Y1,64.75001
ID_422KWTTKAN,74.44622
ID_4964XF5NKG,50.829098
ID_34FYV6H0V1,82.03858
ID_N5UG0NNJXP,77.38935
ID_X6N3SOYJFS,75.52872
ID_5M5EC7NWVT,84.437416
ID_G97UO7LR0L,43.336117
ID_M6SQ2OLUHF,70.21366
ID_LKU9AY07NP,55.822975
ID_O8OA7RVVW3,82.311
ID_LHRZ3K5KRQ,41.96716
ID_YBMGF7JINZ,64.66379
ID_Z00BOISSS5,76.386536
ID_IOVQTTNMU0,66.765945
ID_IZ6CYIV5QT,59.255974
ID_NMZJSXY49S,40.13084
ID_1S608IW2Q4,66.022995
ID_JIA1LBX6KB,57.08061
ID_ZYE0FS5J5L,81.6617
ID_T2YMR4914K,39.14576
ID_GUB765ZIU4,67.22745
ID_8F20H2QC95,48.64253
ID_C5E4LZQCP4,65.134415
ID_TKRAD8TEMJ,65.26251
ID_PPT7NFK5H5,82.10288
ID_POPRHBOGOC,45.634262
ID_RP7DMQ4CV9,35.92174
ID_0Q5G1P1C02,63.47406
ID_KGJ9P7YJMC,33.073166
ID_DF0XXO8UX8,80.80597
ID_XLQJNEL0BT,41.503788
ID_O0F3UACPM3,66.16823
ID_DW2GZB8100,72.8138
ID_AJIE1K8SYC,72.79724
ID_63BUFHZ4XJ,76.242546
ID_4Y536MI4D1,75.466705
ID_PBWT0IV4NF,54.336563
ID_7H78722E9Y,59.551456
ID_2Q67XFFPF8,68.20937
ID_XYTVDQ1JSE,51.379017
ID_PD50KUB8GC,45.461082
ID_KD5KKSFIKL,66.28392
ID_OPUNUAR3QZ,46.014526
ID_7QV3RNWRPW,57.11447
ID_59YQ67ZUWV,41.04635
ID_X1TAI1B8DH,51.649647
ID_X4PAQL7ZYH,68.155624
ID_QGONBHA454,44.28903
ID_4WE563CHLW,74.50533
ID_RD37TPF2YY,86.313576
ID_XRYO2EUP3W,65.5201
ID_N5PPLUQY2E,32.221878
ID_1M62A3YKR0,49.66088
ID_BNFACHQGPG,53.791367
ID_VA893GMH9Q,77.42628
ID_P0756PIIJE,69.960396
ID_WV7X8K503Y,45.610374
ID_YUK7KTWFUC,54.36513
ID_R1HVS19Y3J,75.82023
ID_6KT3LBC5NR,68.3553
ID_MZ03OM41HZ,59.159515
ID_8F3OKUDGAL,69.93458
ID_ZI7Q5U6AXH,45.59461
ID_99EVY7FABH,19.49385
ID_37S7BQ5DZH,69.545334
ID_82TCRLO012,43.023506
ID_RVM1P4POFM,33.152035
ID_67YGMYJ92H,62.60025
ID_UFK7H5YEYB,49.014458
ID_2V0GOXO84N,74.89459
ID_6FCDK9LBVE,71.25515
ID_TOUQL2IQPG,50.913902
ID_P8XPYLJW72,46.842632
ID_1WRA80XGLC,45.430542
ID_OJJ13N9DSA,48.77327
ID_0BBSCZ3XCJ,82.003365
ID_ZEGLNC3BNC,63.943146
ID_E893P5NTUY,60.165478
ID_B3163HQHJE,74.281525
ID_7ZXKBUI2NF,67.123726
ID_DJ3PHRETEJ,46.285446
ID_PC3Q1CUXF6,77.966
ID_ZKY4WC3JFP,62.69509
ID_IYMTQ3L1MU,48.07658
ID_PHBLMKAML3,44.411797
ID_GTTHT10JX6,55.957626
ID_JRSN98DBZD,64.100006
ID_J1MRFKKBVD,42.388054
ID_HO5DOTYH1J,76.94493
ID_PZJEMVIDY9,87.467026
ID_VURH3JIDOJ,78.03491
ID_OEUHE1JR7S,51.948208
ID_OK3QYFAMXZ,71.964455
ID_X7J2CEJNPA,47.071503
ID_CPQJNGFTWY,48.44026
ID_53YLHNIBCQ,73.67824
ID_B82JHK7IDE,69.19452
ID_QP0T4U8P8Y,75.55726
ID_5PRVYC6TD5,22.570475
ID_OATEZ23VTG,40.450237
ID_QYW59NGD6O,43.537045
ID_TZX2A2QS97,38.389763
ID_QTU6QWQL44,55.297024
ID_3X86R0YDRT,40.433548
ID_956UY2CANK,67.74299
ID_4MU79AKSKT,67.91652
ID_INZSTFBZMD,53.502007
ID_UV5BQY3YMT,83.49065
ID_8C3X1UQW4K,51.33561
ID_XNL6K8H9WL,67.18948
ID_LC6P9NSAYQ,65.04635
ID_CC2ITHG6MD,64.78576
ID_A0MXV17MT2,64.53591
ID_8LO43W03SN,37.27993
ID_202RSF2JOT,57.92373
ID_50S21C246V,71.718796
ID_H9DCBUSQO2,54.987816
ID_HMDFIXF44Y,75.9655
ID_7G2NJSX1BL,69.12127
ID_VGJB9XST5O,21.929558
ID_UUFIL8DPW6,64.745514
ID_CHX7REUXTA,70.73708
ID_TOS6CD8YUU,52.84654
ID_CKW147DHJ3,59.40487
ID_FWYB1EIEBO,70.007095
ID_ZOJCBO3WU6,46.830048
ID_ZBVW5IER1A,64.79646
ID_JM0M8L4HJS,59.203762
ID_C83S7QX7KI,62.866234
ID_9FYHEIMENI,75.27964
ID_WCIG8ZT85S,36.326767
ID_1GHZ7A1HUV,34.178932
ID_OLEV8CL2QR,66.041435
ID_SI0BE4T96Y,57.28722
ID_J8RV429FVM,73.352325
ID_G0ZG9I4VK5,77.059525
ID_RO95JKFH0H,46.98462
ID_H8AU9OWP75,58.995308
ID_ZCH2VHTISP,51.92764
ID_TIJN9X58GB,64.14296
ID_9K456FO5BI,64.30392
ID_MR2QDYBNQA,51.82434
ID_IOXFMOCEWV,69.85242
ID_J3N6D43X83,76.16888
ID_5RQ2L04GKY,38.172928
ID_FVXR6BLRXX,52.492188
ID_N7DQEVIWRQ,62.70792
ID_RGAB6NUQUO,61.081203
ID_IFWNV4FU7N,63.256516
ID_O934IVFIR8,33.77797
ID_LE0K7U53JI,20.521292
ID_EAXRU4CIMB,78.20582
ID_DI7G5XZAQP,78.952515
ID_59N8HDKQB2,71.65055
ID_HB02W0RKRR,40.493946
ID_7TAXSBTI1R,78.57652
ID_DXQG6IR45V,65.581696
ID_I17DVBD88I,85.29483
ID_VEMDXMMVQR,49.054077
ID_CWTD42LVK3,64.50203
ID_ER83071FXN,72.357185
ID_MTJ1P0ANPH,81.641426
ID_2D5J1BDI7G,66.38009
ID_X9J23U5S5Y,65.67729
ID_WDGQ4LVZEZ,42.357235
ID_V8ZWM7HJ8I,73.68398
ID_VGF71V2SB0,76.59162
ID_FGJAENYG11,72.35184
ID_RK43J7PEUH,72.65569
ID_L65GN5DYJ3,70.237465
ID_O5Q0P3NZK7,46.597725
ID_2ELK5X61SY,38.4311
ID_J9VGS5LGZ6,46.97913
ID_AFAMP3NB8N,73.82943
ID_B6G0M3NOFP,46.58845
ID_AMO5W2ZRJN,51.06574
ID_65452XRVJE,54.93953
ID_0D4NJKSOL1,77.19391
ID_Y44KLCXXL9,71.56593
ID_VB2M0TRKP2,38.60608
ID_6EQBZ05E90,55.85929
ID_KKSWVTVSLL,64.5117
ID_06L0P0HMT4,81.61964
ID_P1UBO8BAUL,55.111618
ID_9RAFFW3KHE,63.186043
ID_2BMNYI2G53,53.49287
ID_U162VDHKQR,50.57387
ID_AF94EODUON,56.301586
ID_2DBQ8VCK7M,69.99263
ID_2YEPHEIM73,70.30001
ID_SZONCSX19N,73.80455
ID_C5OM904H4Z,80.40144
ID_APWFLIAKK4,48.833733
ID_FK0LR6TFZQ,75.208374
ID_CLMPFXL136,71.95181
ID_H7PRU5GKOD,76.00407
ID_T9VG3HG8SP,34.672462
ID_QU8JG4H81D,37.527046
ID_9FVXMSZ9TH,53.351784
ID_RM01MLH2OG,67.35832
ID_19HR7M6V8A,40.847744
ID_UVET9R70KX,63.41088
ID_QLBT5XOZMA,35.36967
ID_JV4A9I6TFL,78.1668
ID_HHYL17U2IB,68.59707
ID_F8IMGSCNI6,63.525307
ID_G3OLJ1UEV8,48.977043
ID_5TOKNYF1Y1,84.985756
ID_V91HJ5RWIB,86.13386
ID_GAIHAPXSVG,77.20734
ID_6G6H8FP052,66.92206
ID_IVVSY8X4CN,77.283516
ID_JX1ANNIN4I,48.672623
ID_7W5U6WO4U2,76.4314
ID_4SO136AVK3,77.40188
ID_A9LNEJED6P,68.496216
ID_KZBZU0O2QO,55.95204
ID_6VKCVV5YOF,69.38885
ID_M6A6Y3U0LZ,56.66287
ID_N61ZQ14YJK,50.207924
ID_17F7M6IHLV,62.64634
ID_LH8B2RTJWS,86.2703
ID_8ERIIDIFJ9,71.69589
ID_YEKHNOH7HH,75.22696
ID_507IBP5DAO,43.672436
ID_9JNBGAOSWN,64.469505
ID_PZNXPJMS0L,45.046555
ID_Q1ABSOH230,46.125725
ID_LEKIZ2Y05W,42.182865
ID_VEHV0E5YPE,69.17404
ID_4YQC6TCFCE,68.02499
ID_4WRCUSUEJU,76.88209
ID_5G880KFTEL,63.348083
ID_CIUEB2BP03,83.6209
ID_1QKWD5R53L,70.20887
ID_F33E5187IG,68.936646
ID_SVQDYPLCYB,85.09041
ID_32PH2MZBAW,69.81502
ID_4HGH9NNMAA,78.02132
ID_US5NTJSFGL,68.16348
ID_LPAO3BC3DT,58.4704
ID_KY1Z87BE2P,45.188263
ID_WX0SZVFH0R,54.737434
ID_TBHPX0BKWB,47.761265
ID_8FN0MIQA7P,49.148827
ID_9Q0APWVVZY,44.737503
ID_TEEPX636WT,61.289986
ID_VFYNPXQOVI,67.945404
ID_JSON0156GZ,73.369316
ID_CKYD48E1EN,64.075294
ID_KVCIRUCZ6F,60.556194
ID_BOVTASHDB8,68.93032
ID_CW5YOVFLGW,60.760117
ID_UJQ0L0LXSG,72.274574
ID_LUUIKICJ19,39.019962
ID_WU99WQJ20E,37.8212
ID_QI4V7XEVBT,72.197296
ID_BV0DWUIYM2,50.920795
ID_CSB0G5M6OT,57.992325
ID_BOZVLMIDR9,53.054096
ID_M7GP1NY5VX,53.91394
ID_Z1QLWB521O,23.884336
ID_G4ZFVKLY24,76.777306
ID_H5X9D2WCI0,36.936417
ID_MVMJ564GYE,57.068592
ID_C8RIK0G18T,59.427723
ID_12K22HP6PQ,73.660545
ID_ELVM7EFT85,69.52468
ID_VTORTMXV7S,46.859924
ID_RNOWDC2ZNX,58.068813
ID_O69MPR5RUU,77.48912
ID_XOWP7XZ45X,68.995026
ID_LBXWXDVQ12,38.367447
ID_VUG9NBZE67,45.437107
ID_7AZGDV52VW,62.455997
ID_UDUCO2MGJ4,42.789494
ID_YBJVBB9TPP,38.46078
ID_7UTBWGJXN7,71.97949
ID_V9F6SYTI0D,44.76214
ID_9KU2P2H33U,33.27396
ID_Q5XVMQSTNO,69.43099
ID_I28YLDA2DY,75.52922
ID_33O7PUU01W,62.87988
ID_3E5VZNT4KM,32.278645
ID_5H8MHF5FGK,58.74302
ID_X3W6JUC7DU,56.568798
ID_9P5NE7ERN9,66.969826
ID_O8LH9YG83J,30.235281
ID_AGSH1HPKN4,32.948074
ID_5Y0N3B4IL7,54.227146
ID_4BCFU4NEXO,40.694748
ID_2EWDJ27TGT,62.643448
ID_5WI3HU7LN1,66.94443
ID_6P431DYQIY,59.521812
ID_9YA1CLRY74,69.32746
ID_OKURVH7DLX,65.55119
ID_1A1OXWKRJU,46.393803
ID_IV59T1DTLE,71.801
ID_6H03O9YZRE,52.44099
ID_A0YQ8NMPFK,62.24306
ID_3Y1ZEYEZL4,55.255157
ID_HKQCALMFWE,28.76694
ID_BZUPVY5SG9,71.305275
ID_8Y1NV5XCHZ,75.4353
ID_KYX2GFQEK0,79.17768
ID_BHNQPCBSYU,32.759396
ID_8TRUYXWJ3F,61.23473
ID_TZBYF54KPC,46.280445
ID_JAGEBFMJUY,64.83285
ID_M8V8YMCP98,50.16678
ID_9DVJPCEVHX,40.961674
ID_CNYE1ZSBCU,48.621235
ID_JQO1Z7UP47,54.97799
ID_HOQA0ROQJQ,65.733215
ID_HBJH5P4NFH,65.440895
ID_EVFFYE1D16,67.86619
ID_DRRH4P7AIZ,37.258656
ID_329UA5B4B5,38.33884
ID_W7BIKANGLZ,45.176125
ID_JVX8I2DMS1,48.967613
ID_QFVXCDMEWY,63.519257
ID_EZMWMXME54,74.813515
ID_ZDUOA5YJ25,49.314125
ID_SMFG78WX25,74.85351
ID_7BWVWPB925,85.85551
ID_C9AZ1TSG64,40.718536
ID_TRCK22DN0W,65.55709
ID_H4DPNFP1SM,78.77793
ID_MEVE53BX0Q,58.367054
ID_4GTXDR6C41,54.455696
ID_PLZ4ED2PND,72.52846
ID_GOMGDHNT6Q,45.169567
ID_Q7EU6BKRJQ,74.28511
ID_K2YN4UOTBE,63.512367
ID_5CG5RK3MHS,52.512417
ID_7ILHB3ROXO,57.512558
ID_UG0BDKV3ZM,64.80425
ID_MDZLV6BIEN,35.278027
ID_OQD1TABK20,78.763466
ID_NM29MTL82E,62.51937
ID_VWL53EEC49,56.146095
ID_0KR3RFPOX8,58.1944
ID_PL6DDLXYKR,74.382385
ID_IUKGOEJFNE,85.07222
ID_67S8EGKEAJ,67.60836
ID_J36TJ2U5C2,23.579117
ID_R8UVTXEW13,69.42815
ID_DXYZX3HE6B,68.36915
ID_MCZSTHRFMF,49.16075
ID_TWUTHYCNWK,63.143116
ID_0KONXCS5GL,74.29653
ID_910YUAV01N,75.49623
ID_PRK58BEVT0,68.37081
ID_YZTX3J5TX4,71.56653
ID_Q0KYBJRY5E,66.74613
ID_5VBWYZWF71,43.241962
ID_VT4RE8UW6Z,79.70726
ID_PB9PYP2BL5,66.287415
ID_VG9JMDPMU3,73.99092
ID_XFJ2C3N6OE,47.99798
ID_0VFJGT3TF7,83.80529
ID_WLENITWLHV,61.73548
ID_9IEUQZTPZN,66.84488
ID_LSGSV7GY7P,60.069763
ID_NV8XID28BY,86.35935
ID_WQCCYZS5E2,35.926605
ID_FEEOSA09MV,58.325954
ID_CPW7BBZRQ9,60.95023
ID_UZHKNHNOM1,48.998642
ID_4UNNSIEEAK,72.424835
ID_4L7XK6B5AU,65.85599
ID_7G5DN9BCGZ,73.129486
ID_OP9WBGXFRM,80.326645
ID_28PUFDOHCK,80.575294
ID_78D4XTJX7J,78.801476
ID_ZPGWD49V33,62.577988
ID_481INJF6XG,58.392033
ID_704J9PI2RB,58.89032
ID_S3GP2VJ80I,43.655945
ID_0RGF68SRL9,44.39158
ID_T2Y6DE8TF7,52.606293
ID_N6ECF8EQDK,54.164898
ID_6UDD4G3SY6,75.923935
ID_IS6IMIHVCY,70.12652
ID_1O37O2L74H,38.812252
ID_ZH6QNHE3NP,59.529217
ID_W5FQQ3YL9S,62.70326
ID_K6C548VVOS,76.22274
ID_FABKVSR1BD,44.962944
ID_O26RWOY0MM,79.92293
ID_Y02DKUX2UP,48.24638
ID_3TQZDLI61W,67.572205
ID_QLXGLL0EZL,55.791187
ID_OTZ3VEYMZJ,54.399075
ID_NKJP0853X1,74.227394
ID_9Y2NRIXWEG,46.867916
ID_75L3A07UCD,66.73257
ID_R3NUM63S0D,56.64176
ID_XF15RQCIG1,66.68706
ID_3KZ9PRV9UM,44.65316
ID_Q2HYIYEKAR,56.93163
ID_G50765JZK7,56.102955
ID_S8JOB9YTNM,47.150307
ID_KSWNQOZR3U,72.94456
ID_AEIF1UB2EB,71.09622
ID_FIUVCUGGMS,68.08764
ID_0TY1EZGH73,59.69325
ID_Y7AVTJHYUE,43.57992
ID_K7CVSEFW5K,71.111694
ID_2RWOELU3XU,81.9955
ID_YP1XQ4KW4B,50.64122
ID_27VIVQ5LZ7,70.491875
ID_3QHAUY4GWM,57.00581
ID_M0J98RMZOM,65.29793
ID_SQSP9UY73V,49.42864
ID_1QKEVYPOLP,30.96615
ID_BRSW07I1L3,63.92568
ID_27HBNFM9SA,59.13815
ID_BLLTBY04WI,71.20549
ID_R4LPFB2R04,50.79811
ID_TVOQ8YY10I,78.547935
ID_IKM9RDG8V2,80.539276
ID_KQD7EU6KRA,75.88436
ID_HODVCSWK8A,59.052383
ID_D8CO40453K,57.328667
ID_TJUUHS1QU3,50.448673
ID_LB8EH7UU11,62.023003
ID_WIEOBVFPZ7,46.10966
ID_PREE6HY7WQ,37.573616
ID_YDOHX1G2P0,63.017513
ID_821QDG0QQC,50.95466
ID_7ME70YAZJ1,68.109314
ID_6M1LNJMNMH,60.319294
ID_48H1XXQUW7,82.83615
ID_GSWSRGMALS,60.13966
ID_OKZXZIIP44,69.69313
ID_CC48JPTP6F,76.244156
ID_RNBIOJ5Q9N,45.291656
ID_ZIOA9RJWFZ,68.86459
ID_U9GT8J54P9,68.11123
ID_09K68LJC2F,73.87882
ID_Y1N565CROU,71.59498
ID_8XEDDXD6MU,69.362305
ID_U9LYJQ2ECC,64.64801
ID_RICJH0FRIZ,47.59482
ID_AOLQNP0224,63.55863
ID_HZ0JKKK8AS,41.99309
ID_PMCF0L7IL5,56.355515
ID_RK7GNMXWDG,63.621048
ID_NV6FT5G1PG,70.63892
ID_PGP5AZVQZD,66.29711
ID_LEBQRAWAD7,85.16419
ID_EKPTLMG802,71.32373
ID_2O97Q2A65U,74.19974
ID_781J67JWU9,63.73923
ID_JJYH3FF4RB,69.18181
ID_LOSHUBTCUA,68.741974
ID_CMIRYAUL4A,44.824123
ID_X5J0ZB5J1N,53.26943
ID_L74GJWO3M8,67.28724
ID_2L4GFK9X0Z,64.78861
ID_B7HY76W8SO,56.50162
ID_FCQ0REF9QX,65.21398
ID_622Q844XWL,24.529253
ID_5ERZJGEU1K,38.920113
ID_881S9A9Z1D,75.18156
ID_IQ29BM0I9K,70.69897
ID_ESAU5K73KH,73.310646
ID_45X7P96LTU,66.70014
ID_ZHQD66R3C6,34.191284
ID_5OZUPXBNY6,52.48469
ID_X92253R2OU,52.311626
ID_3LNIVSHU0D,56.49392
ID_R9KFMGWLRL,49.979546
ID_55VOFPGMGD,65.29717
ID_QCWM615725,74.94958
ID_05Z0DLPM99,51.848625
ID_5IA6QK7Q0K,50.480667
ID_FG6DH2B7ES,64.69956
ID_FKAFYHMPSR,46.544067
ID_ZXLX12LBKC,57.847893
ID_EHVK7OZGA8,41.94897
ID_QNLQVF74QB,55.054516
ID_AYSOWCII7Q,70.91658
ID_BG5SH2614Z,74.18478
ID_JXDLFJTP6I,77.021675
ID_UVCNCHBTHJ,53.536602
ID_D95PTUZKIR,50.410385
ID_BRKNRM9XBV,63.555904
ID_RQ92H5K42N,62.62593
ID_ZVY3VPIENK,28.30781
ID_DFFP0O11TI,52.908714
ID_WWAMD0J4J7,42.51827
ID_3O2ZUT59OO,35.340485
ID_G8OSY3JXBC,75.34184
ID_KD0BD6CM5G,50.64258
ID_29XFJYRIR8,69.34721
ID_XGS82ANKQH,43.431927
ID_ER55N4XJIP,63.09603
ID_6QU9N959L1,59.822914
ID_MMVGV3VKZS,60.30951
ID_BB4EGBDM55,75.45627
ID_JYWR3X2TCI,50.988483
ID_4MP9ACGTOI,48.323364
ID_CPP6LMPWU2,56.755726
ID_PM7YWJ7KH5,30.746714
ID_FMOI97LY4H,87.36619
ID_C0G6HTM40G,57.188164
ID_2OCAZ1EQQH,72.10144
ID_PNC6ACZ0LY,68.18269
ID_QLVO8J4BFP,73.68161
ID_BPLXUUAV4P,55.86409
ID_G0MGEWCB4G,39.089676
ID_HFX7C5BUPI,57.105545
ID_SOJ4LF54WB,63.75554
ID_CEACYHNTVM,62.86035
ID_MVA8X6ERVS,41.32421
ID_PACVH808U0,77.39736
ID_7LJOC9Z70N,78.85861
ID_Y86KLCK3IN,52.22108
ID_65MRRLB3CF,68.480385
ID_WH7COEIB7O,52.654175
ID_8J9VB1A1UP,60.981995
ID_CJNNIXMP87,47.072945
ID_711QHZ83QV,45.04826
ID_SFP0H3RAG8,55.28632
ID_FRAZO5VE7B,71.17683
ID_ZO2ZIX091P,77.7222
ID_U4BXX3NK4Z,26.050512
ID_B3WEWVBNLC,47.817474
ID_Z9IKDF3QTE,64.50572
ID_QHO8JE96NR,42.797356
ID_1LNN4OAUQS,80.786835
ID_2JV0ON9SET,46.55034
ID_E2WZFK941C,73.03306
ID_3V9T4Q3SXN,37.58981
ID_NEGFP7QR7W,58.665066
ID_M19699RJRB,71.65017
ID_TZ7TV7SZYC,50.059483
ID_GON3JVJ870,43.69521
ID_O6U3H4DBVL,66.09259
ID_PMZVZRKTJX,58.58203
ID_B93QLFS60C,23.1394
ID_1QOK062UO6,60.160545
ID_RCS53NEORR,63.406776
ID_YGSY1TI1S8,62.1751
ID_Z7GZ7X3D6M,63.088276
ID_NI2069O1Y7,44.82162
ID_9Y7FZBFYP6,51.575855
ID_O9TCSS5QGB,60.52802
ID_XIZSPBVSXT,56.500877
ID_YYSZC5PXBI,74.091896
ID_B9ICH4TAHX,56.97019
ID_J014LAFVW8,62.134834
ID_UDOQ68HM67,58.424164
ID_N9WDA8G4OZ,47.2505
ID_O1EA6GN6XA,66.23914
ID_5F52DISLBE,61.77111
ID_FA12AG5VJO,70.81127
ID_L52WQ3SBFY,71.024376
ID_95L3VAWATY,61.50521
ID_MKHAIGK2BR,55.24794
ID_SK4PAK95DK,75.37177
ID_FV1SIFFRQJ,43.010788
ID_6H4KZWLPV5,64.70204
ID_AYPTRINX94,78.35598
ID_PCADZWYQ9W,66.19884
ID_XLU5CZZASG,75.62927
ID_ZWUEUNLDT0,69.69071
ID_BK6VJZQ8E5,41.4791
ID_M0HRE27YFL,72.98824
ID_BS5BW65C3D,77.677
ID_SKHD3IR7SA,56.616486
ID_NX6GHCVKY4,65.237
ID_TWLICFCZ99,61.322792
ID_W127VMQLIC,65.49191
ID_AKNT9E2D2A,71.05078
ID_VNGDRPWOIQ,78.309265
ID_EKAWB4X61Y,65.23899
ID_N7KCYK7LHW,15.752554
ID_NQAL3CKUYE,57.84027
ID_SZU4WMN3NP,53.063198
ID_SI2S682T4V,62.67075
ID_MZL8ZFY110,46.9914
ID_GQRT37O4ST,78.76815
ID_9AAFLCRUJ5,67.05237
ID_OB498ORNAN,66.00506
ID_R4G8BFZN5U,56.565533
ID_YJY6P6XDSN,57.92481
ID_OMN1DRZ9FV,51.204815
ID_MGGQ3EZKMR,53.70668
ID_5A2AZ1JK03,66.48413
ID_TNLE8O9K7U,27.687128
ID_B7TKSTYUWA,57.44858
ID_EEMEP61QGJ,39.07383
ID_HBW8XBJFWC,61.907276
ID_KR2VH3B799,55.049618
ID_P5FPUFRL4Q,59.231293
ID_LW6EYY8M75,41.343494
ID_WGPLBRSSUA,70.623566
ID_GSHUK2WZVN,45.302814
ID_WT9ZMLSP65,70.02101
ID_L74J799FNJ,57.83442
ID_2SE0PWW8W4,56.359783
ID_AHM3MSOAGN,63.427753
ID_4PFE3JG6HB,58.85435
ID_IUOGEA8JQF,45.660213
ID_QWQH2V0A79,66.749084
ID_XLCUXW2TTA,58.53377
ID_O2HDTD8Y2N,65.26766
ID_0NE7JUHYL3,65.37886
ID_MMT93VDFFW,24.985277
ID_TAAA5ZDTJM,51.823387
ID_6JNPATJ37I,48.30061
ID_Z3JUM5409O,50.045063
ID_EF1OY5RDML,68.41133
ID_B1RCJEXB3D,67.39167
ID_FQ54QBDH2J,73.52563
ID_TMBMR294XJ,68.298775
ID_ICLYY8VG7B,43.590813
ID_O52G1W78I9,59.38833
ID_HEZURHJTRI,30.65316
ID_E0OOPRHPLH,62.5302
ID_KGH0ZEVL2Y,66.43576
ID_F00P765YQA,64.25815
ID_6T8C4LNL4W,61.832355
ID_FKTVG1HQ0N,45.101383
ID_RTBL36YW9N,76.06883
ID_GB3RMCYZ59,63.97423
ID_M9J44JPU4K,71.61592
ID_DZRW0BV8IJ,63.254883
ID_ACFK9GQ9Z7,41.47341
ID_BP3PJ279FV,43.292843
ID_JYN8OJTJ2F,79.3067
ID_85TSMWAKDC,72.904564
ID_HOX0B408A4,32.452423
ID_6GDNUHBYP6,82.42011
ID_9VJHLKDTON,67.892715
ID_QPYA09GYYA,52.052364
ID_RK88EZBOWR,44.482155
ID_VHGGKFKX3O,71.20361
ID_MCYML8K0H7,59.152798
ID_QWH8LGUZ0G,43.978596
ID_AIFX9G0YGU,42.73816
ID_693VHQH7N1,51.665897
ID_1KLKBLRSW1,79.38223
ID_K8ZN4DDJ1Q,41.029945
ID_45HKCDRFCN,55.332737
ID_1YDOX3R60B,65.44909
ID_Y3G4NBWRBJ,54.961464
ID_ZQTJF8KEQX,35.512894
ID_FXMTPAA8VR,51.650593
ID_9E7OJF8SS1,41.521492
ID_QUUK8IJ669,47.98546
ID_BDTC0SM398,59.930832
ID_N3I7OVS833,63.060246
ID_K0H45OAAS0,32.19993
ID_E72ZTWZBL1,64.688896
ID_NSJDHUSP0H,59.476562
ID_UK2XILG1RU,44.23844
ID_K06WT549AV,49.225037
ID_UN0IF4ASVG,74.13898
ID_3IBQK3J0ZN,77.85782
ID_HLQ1ZZ1VW7,73.312904
ID_ITR3HKTKUK,60.63567
ID_NAH7GJ97PO,18.186085
ID_5S19LCTOKF,69.66969
ID_6EA1OQ8JVG,57.94099
ID_5A541KCJF5,72.143776
ID_FRXSFXKZAD,41.27814
ID_CS6G7MS45A,61.41027
ID_8S81HR9XM7,68.77627
ID_PSR301V1M9,71.52661
ID_R8AX9VZ46E,65.374695
ID_DI61AGZ2N6,69.809364
ID_5SAM97THF8,55.25295
ID_F86BBL44CO,65.636444
ID_WA7DYAZSY4,43.24258
ID_7UVZPNUHA6,40.925343
ID_XZDHJ5A2KH,41.98925
ID_M1T3S50WVB,40.797512
ID_0SKE6FLOMO,52.8862
ID_0BDMPV85OB,41.473686
ID_X14U3TRNOW,71.353615
ID_M1CHTQU5YE,40.47854
ID_IZ7SZFMI4X,73.59537
ID_P5TZNL53F9,84.28899
ID_EBIBSBG7U9,78.51392
ID_KRSJKDSS9T,49.510174
ID_YEN8TJP1OF,65.17398
ID_VPHNNI8W9F,52.904644
ID_YLW2JGC8XS,51.713593
ID_SNEH9PBYLJ,86.31548
ID_9EJU7PP43M,75.79326
ID_JGEEJ9J0G7,55.02543
ID_YSJJPYOTP0,77.86405
ID_LT0NMU9PW8,44.45756
ID_1ETI5P1J10,39.44408
ID_5HAQ0PW554,76.82472
ID_QJPUXG1D46,61.655922
ID_ZT352WF5NP,73.8943
ID_SG7G4K2131,64.34854
ID_KNSZWC6R9M,79.12867
ID_Y5G9OLIXHD,73.16182
ID_JSXEK7LOFM,60.756485
ID_X9AC3Q81GC,81.287056
ID_JLZ3NI8QYJ,64.49119
ID_6R89TJ9WU9,62.958897
ID_DD5CW7FTOR,64.99362
ID_Q0I6AWNULM,26.659338
ID_B8Q0H4RDZF,46.037563
ID_85WQPLBLAG,84.453224
ID_QXYZT7APPY,67.33625
ID_EM2IZPSWV6,64.261246
ID_IM9QKN5AW6,59.949768
ID_STNDWIK6KS,64.71002
ID_LOUVMJ6TJQ,64.77296
ID_2YDPCLTQKP,43.392727
ID_7M3NEUA2IA,67.08543
ID_ZECJULA8P6,66.81412
ID_YZ40V9Y5Z7,67.956154
ID_J2ILUT1GO5,69.319954
ID_HQAY0L34P9,78.100876
ID_WQCN0UWYS7,64.52389
ID_8FO17XQBE3,75.08746
ID_CLYGPBXC0O,66.33171
ID_IOYH71FQZP,48.11192
ID_UXLFGE6S2Q,64.181786
ID_0OXX95T40K,63.781876
ID_YVSFXV9NRT,69.14313
ID_69AFBKS2R8,69.34262
ID_IERT632LWQ,46.200317
ID_LJ4ON5876B,50.642994
ID_700O1XGYKB,40.83807
ID_0EJPLQSN09,68.12879
ID_ZIIJNA6JDL,73.55359
ID_0F88VE4V6D,67.19977
ID_XN8IYL3LTF,77.222565
ID_QL54RKMFZ5,79.195885
ID_83Z2MC7ED9,77.8034
ID_THJO8DC7CY,46.21338
ID_C25ECXSO5C,49.4486
ID_3388C4G1B2,54.60523
ID_HA8KR6JC7G,40.593822
ID_U43DP09PRQ,59.639122
ID_78Y8KBM3D7,73.91623
ID_Z2ZY9YFAIX,70.95402
ID_ONZO898AOM,60.501675
ID_FVDFWKY2V8,35.90272
ID_HXQ85D0Y9S,27.350004
ID_R9FYFYVLEX,50.29479
ID_JVVVTI6ZN2,63.800194
ID_GXW0L9JXLZ,68.80593
ID_3MY9XHGO2C,63.881027
ID_T7YE0LC7N3,49.792217
ID_5XMA4VX3TB,73.10342
ID_YNFQZP85SS,76.923004
ID_N19NXVJXG3,50.234295
ID_W2VN1E4AUK,83.11393
ID_B1GMLO78L9,60.724022
ID_LAQBIXSPTG,67.5767
ID_5GHDCRASO6,76.68201
ID_RVPQVFAW9V,62.863373
ID_E5385KBVT6,75.41045
ID_VJDCJ9GL3O,56.973568
ID_6A5D5MMUNQ,68.37517
ID_I90TG054Y4,14.85245
ID_82TG3CH194,34.796894
ID_WGW2NFO7W3,62.512558
ID_8QAQOIA6HM,59.04897
ID_7WEXEGYG4N,67.19637
ID_FY7EYFKH4X,73.02783
ID_FRN0IO95FI,73.73932
ID_68TW73HQUR,77.841995
ID_D8CIU0V17E,28.82133
ID_5QJOR5HOSE,39.31357
ID_MXYEF6YNUL,85.862404
ID_PH1LQCSZVJ,68.282814
ID_UKIYFIUYWL,64.97714
ID_MPJMY8EUU5,87.52293
ID_WQFKQJF7VU,69.213455
ID_J4Y1LV3UH3,63.834602
ID_263YOL8095,74.040825
ID_XTCH6STDM6,73.10611
ID_4TU8XDEH4Z,72.03934
ID_L5NT5EBTRW,33.18488
ID_FS0N4A37YQ,71.715805
ID_35E4PL0WCM,62.313835
ID_330JO6WDMW,45.851204
ID_A5I37OWXOR,60.360374
ID_B2DT29AWBX,50.13759
ID_AINW0337SH,54.041058
ID_D25EJ4UKJF,50.77045
ID_EOSB9Y47XN,57.33701
ID_2AFL4P358R,46.06684
ID_VPZSJI4HIE,50.605827
ID_5AE27AKU8I,60.16393
ID_6XCOOB6V14,49.03366
ID_2PQFHYK5WO,65.27688
ID_976ZVCH6R1,63.321896
ID_HW6AVUGAB3,34.871315
ID_FJSJC76X3O,80.94435
ID_IJTBIDZ69I,53.44974
ID_R2U114ZQ24,36.65753
ID_SCFW9M5HVM,54.98201
ID_5V7NNEKTO6,77.616295
ID_CPUZFMBN93,51.136192
ID_RP1LN27H63,40.79346
ID_WBMQ0C1PU4,53.914692
ID_ZPLY0SQZKO,69.1444
ID_Y8UI0MZ6JU,52.549225
ID_RVIUB1AICA,31.258356
ID_Y03R1A9UHI,63.72144
ID_ZXG137D50O,34.660065
ID_YGGUZX111D,76.836266
ID_TOK6N79V6X,55.113117
ID_N0NO9YFS07,61.192944
ID_YSJ36XPRDX,71.22036
ID_QQIRX08A28,82.00453
ID_86BJW83K1T,71.638
ID_GBIXW479HQ,77.518745
ID_1KU1EHSHVO,31.816105
ID_7UKJY4J4O8,52.24754
ID_OSWCPC1ZWU,46.208553
ID_RBF9HJARIR,34.035183
ID_4M1IBXQN6G,23.488909
ID_220MSXB16X,16.716589
ID_EC5P4RLMIQ,30.597277
ID_EK5BHVBNVU,65.02169
ID_4QJTD5EBQR,56.688236
ID_VDQGKP5BDU,49.30096
ID_8E2RVI7PXJ,78.35987
ID_PLAV8VB7ZX,40.722134
ID_FNU1HE9Y4B,68.21542
ID_09XOTVMNB9,55.274654
ID_BY5M8XA6VC,59.134266
ID_OBPT1NDDRH,40.453068
ID_XUGMUEX6Q0,57.712616
ID_VP63PNRMM1,79.42568
ID_73YVEPR14H,43.7981
ID_WR6TNU8R7P,82.83164
ID_2WGXQSHVWI,71.1586
ID_TAANTWO8XU,65.673164
ID_L4L0KW6E5A,82.31184
ID_8WQ374RPCN,59.11469
ID_W79M6CJABM,54.959843
ID_4US88CWADE,36.635426
ID_UXRRKHT2CS,76.637146
ID_Q81FAI0RZ8,63.800602
ID_ILXQRIIB3S,60.182766
ID_M6WV7S5GV2,57.262493
ID_BNW8T7DWU7,54.213226
ID_FVDHPJD4MJ,69.76267
ID_XOVPG1N8E9,72.482895
ID_EK6V2TZ5MQ,46.93349
ID_VOGP1B32MG,38.27287
ID_9U1HFOR9HS,59.370136
ID_17FRY1A31J,77.80154
ID_SOT6MQEL5J,55.66058
ID_VZPWTV9ZDH,38.675575
ID_EXFNMWHYAJ,35.337543
ID_ZLS3S84094,49.087173
ID_4L809K21I7,57.29766
ID_CCRBISG54L,56.304226
ID_YUXZSG4354,50.01474
ID_MEWNR6MV3X,78.98488
ID_A1BPYVJCRR,51.244656
ID_86HQFXNO3K,59.502808
ID_04A1EE5QJV,50.11249
ID_7C0KL0YAG5,78.913124
ID_XBJN6D4XR9,41.251293
ID_B2FXY0KKLS,82.98867
ID_Q1Y55BSLNP,65.22399
ID_QRGLVSL8FT,68.77443
ID_41010H8LQ7,42.64487
ID_03OU2SA1OL,64.627
ID_0H0ZQRDLL4,55.795307
ID_HQNMAN2N7I,76.1163
ID_066T91F3NJ,61.12588
ID_WGLCLSD1KW,57.54511
ID_D5HAATMYJC,76.80708
ID_RZLWP629IA,60.202454
ID_GTCTMUYYDW,44.9836
ID_L9095USU70,59.438248
ID_B4MBILXQK9,66.62264
ID_G0Q5ZVGHJO,58.12424
ID_D6IZUKG43A,58.85367
ID_RXOJ1QAG0T,56.590656
ID_HCQSC250Z4,32.41583
ID_IW468JVF53,64.33526
ID_SVHC8ZG5HW,71.16776
ID_ZR814IGVNC,37.47933
ID_CSPX4ZQ4DM,70.76634
ID_2DS10WCJH6,55.111065
ID_OPDUUYPMYS,41.05275
ID_904PMFJXNG,76.6812
ID_0LIAMI7UP1,73.401245
ID_O8VIP0QWXQ,72.521225
ID_TVL3I13PEB,68.23334
ID_SS2UU2CWPW,53.292316
ID_CFRNJWJ7B1,76.903145
ID_2QB4MC6635,49.351166
ID_ALI81SF04W,49.571976
ID_1PY9B1684F,35.6999
ID_ILMYZCHW0Z,79.43831
ID_VVGLB1SCP3,66.76702
ID_C0EX1TJHXH,79.7963
ID_X0NY1ZTP6Z,42.003494
ID_UFKT6J2ACV,75.224785
ID_GI0JL0672Q,45.311977
ID_Q23XGAB4TP,51.6584
ID_U0I9JTLKBP,43.791107
ID_0E2BFLY4T6,40.470596
ID_P6QN59TZ8W,50.810963
ID_X3MM27ECC8,78.65315
ID_CZL019J2V3,63.309746
ID_1JF3LV2UVZ,50.244392
ID_2EMHL03YPV,45.60235
ID_OMUK5XAQFV,45.734592
ID_7O7A1AUSZG,67.37833
ID_949LVPDFFI,72.05931
ID_A8S6AVEXPB,50.335037
ID_ADNWU3GUS1,68.71263
ID_YK8MZGX73X,75.724
ID_VX2E0YDBP8,49.020348
ID_EWWUR66H5J,53.781017
ID_TINQ866BMZ,47.53451
ID_X228QKP6L9,49.101105
ID_7OZUHANMLA,76.4173
ID_G7ORJT57ZR,68.1964
ID_IX3RHQP8L5,66.098145
ID_JKPZ3H2P76,70.00087
ID_R2I3JDPAEI,69.96022
ID_7B0UAZMJ2P,42.553047
ID_0TZLRR2G9B,71.85673
ID_GYNPDH1QMA,83.982254
ID_YAMQI68D7Q,68.24953
ID_TAKO1DZL8N,27.797573
ID_PQRS2RN4TL,58.689068
ID_AGTSX02KWI,60.895275
ID_HSHB5C8AVN,35.87955
ID_B18G9HCM67,65.6746
ID_YKAS94ERQK,34.30292
ID_DTRPXTZNRO,55.09503
ID_PLL7XIZW0M,47.523384
ID_EMPQ2LV7J7,74.0252
ID_6H83O9R9ID,57.45345
ID_NLAAUTDD7T,60.457832
ID_B1DKEW1CKI,27.845623
ID_7S3RYQO061,70.18272
ID_9EEK9F0BL2,37.828163
ID_I05C8HKU95,42.512787
ID_1GBKYEBQ87,45.96892
ID_B69KPXBPH4,80.58753
ID_KJSAIZAI8B,68.27724
ID_WY99OM9I2S,50.657948
ID_MTVTPN28I6,73.663795
ID_SWQR0NKE60,76.29835
ID_2A2N2GORZS,40.677483
ID_1Q899X6IOJ,48.71712
ID_6993F28R04,50.155506
ID_0P11RLVXKB,55.97155
ID_YT3JXP1HLC,59.40347
ID_S6VGWGE7AP,50.977272
ID_OO4Q1UGTY0,64.11601
ID_JSMCQAR2OS,70.95915
ID_EN8UEIRJOO,63.90202
ID_7R9AFT1XQX,40.062454
ID_NDOO65RXF0,29.105577
ID_SE7HQ787GZ,55.176537
ID_IN3JIILX69,61.115227
ID_HZ2V7GLO4J,51.82761
ID_1NCLV0CDVF,58.77701
ID_26FSXT111S,60.000183
ID_WLFECF7W0H,69.542595
ID_9NOAEVJA00,69.493095
ID_XIXCG6FDJC,62.5858
ID_5WSGOEZJR5,84.830635
ID_ME8RCJOBXB,53.967716
ID_05290HCJ14,76.260765
ID_H6BD6BFAB4,49.213497
ID_I70XQGH6D3,63.623035
ID_O9DE1OPFWF,76.00721
ID_9TECL4KQUS,59.621395
ID_17FYKB7S8V,73.53948
ID_MP9JVRASB4,60.345257
ID_8BRMD0C5AM,61.580765
ID_QXF0JS96ZG,73.76034
ID_C43BJ1DKQ8,49.241913
ID_ZIA8M68L90,38.91373
ID_7JVLYLH73K,71.45444
ID_BL53OJA5W1,52.598656
ID_OPKIA6MTM2,46.386425
ID_VLP77DVIFX,59.92915
ID_AMEDVLN7JE,71.4344
ID_YOL0G68OFB,39.033493
ID_A124B74E54,46.361656
ID_IFVAJMXGDH,40.99029
ID_KY4IAFWJZY,73.79368
ID_YQ8YVMMCYB,68.10605
ID_IJFY2H4LI1,50.72479
ID_7UMADJJWRG,76.83203
ID_3E7KH74OPM,45.335007
ID_MU9XE5A39C,57.436436
ID_OSAMM86QEX,45.502876
ID_TVINDWJNZW,77.23554
ID_E0JEE711CR,41.668083
ID_QXKXPC85WE,78.196495
ID_J3CW143QJ8,65.01004
ID_10HW82Z92S,39.54095
ID_VDZWOAUZ4I,64.89508
ID_GMZRWEJ99F,73.456184
ID_85L9UENJJ0,50.149395
ID_1AC3X2LHO7,74.21761
ID_BL53A09FLA,61.79492
ID_2Z5NK0EFRD,52.07353
ID_YZ9D90C21B,59.929142
ID_RMAIVFJHFS,44.375843
ID_DHUQT216H1,43.589096
ID_8GEMUQC2IB,65.29447
ID_Z4UC0A0J8B,48.977577
ID_AFHO2JOI3B,54.992493
ID_TV8YO44BWR,84.17885
ID_4U3SG9T3GB,58.390926
ID_3YI6A2G9WD,60.676815
ID_PRJJP5Z4YZ,70.66109
ID_QQ1XJ444H7,72.99712
ID_3EJ0RT55WB,73.222
ID_VHSK45ZWMO,76.12436
ID_LLVXIF4DZV,78.72354
ID_YJ87C9N3SP,52.461414
ID_Z5XEPP3EXN,55.29789
ID_MTV9APNWGG,38.36904
ID_IHY8E8FUAT,76.327324
ID_4E8EWYU23M,83.67415
ID_26RBZ26VAJ,39.216286
ID_7SPSI2LR19,62.80042
ID_IOKC5RVYD5,45.5977
ID_G93O3DOA2G,40.016647
ID_ZIJKYBSBEP,64.681496
ID_ZF5R7IGFZI,65.4136
ID_PH3M0GG9TJ,49.76077
ID_00D19K4PN8,62.735302
ID_2JVA6A5UFG,48.06481
ID_ZMAOUUX72B,76.17325
ID_64QHHJDJ2H,77.82608
ID_28TRXBUMYG,69.27659
ID_C52871SXVL,63.487556
ID_Q8NV341T7Y,38.832573
ID_SUA57PEI9P,70.29398
ID_FMQS5KW77F,60.05018
ID_O8SYJ65S0C,39.893623
ID_MM2BVO5OA0,62.85353
ID_X2DPBR9QG5,50.62551
ID_MBVLRYXQII,66.59574
ID_LNLZ0UWI8F,44.45611
ID_50NX4JGQEX,76.302925
ID_39NTAZ6Y9A,57.555527
ID_R38YYP6YVH,73.259514
ID_YVB5EECQ0D,52.752644
ID_WCJ9EBVUCQ,70.754585
ID_FI7DQG0ECK,64.936874
ID_1QNIUUI14W,44.548046
ID_BVV14X6TGM,54.47213
ID_0BGQLM7O34,74.042854
ID_0WT48PO2NV,59.17309
ID_87ORVG5PRY,64.97439
ID_0P5J2OE5MD,44.2886
ID_WVMSBI068F,41.450134
ID_T0IWRAD1V8,55.640877
ID_A4FM9S6D9T,75.17039
ID_O2I8H03ATN,76.429306
ID_XFEW4J5ZCD,82.38489
ID_2R0IH68KMD,83.96647
ID_P7QV8G9BZY,44.2247
ID_RFY1IPOP8H,43.318413
ID_KIBYQIK1ZD,60.932007
ID_9HD5QNI12X,45.03165
ID_9G8RTDQUBT,73.37536
ID_8ZBJW5BYF8,69.798454
ID_YMBJKV29E8,72.09303
ID_DTU5SU41GA,49.968243
ID_8TEVDH2XF2,52.006237
ID_YAYWEEXNL7,62.387268
ID_V3OFEZEE4A,68.47425
ID_6T7PPMQFND,69.69116
ID_57XWI62VK5,57.23786
ID_9NEP3FPDJV,52.929146
ID_S3JX79UIM7,36.237213
ID_UMHU51EPZ5,56.445465
ID_T7LM5S6844,50.32065
ID_EYQ1C9BVQQ,38.732754
ID_L1AN76ADGV,75.632835
ID_SA8TMIK6K9,67.23801
ID_IDGT0XRB9S,59.4401
ID_H7CDLD6FLP,44.68372
ID_XE01LO13VE,59.84884
ID_03AQMOEF38,44.150475
ID_YQ0B6I42GT,66.66992
ID_DC2AKY4ZJQ,60.03827
ID_KOR8MLQOOC,70.342834
ID_MRYVX78O08,66.20496
ID_QQ80NKCUIX,83.854515
ID_RAU32M7OK8,24.094698
ID_F06EJHO818,49.189644
ID_L70RX1A4HO,70.447136
ID_EAFDDODOHD,48.356457
ID_LZ33V9UKQD,73.073975
ID_7ZAWR7TNF1,61.49922
ID_J6YQCH3T0H,54.238533
ID_FUQH74209W,34.977192
ID_RKS2HQ32EG,72.46302
ID_GP638NISJE,57.937126
ID_MK2KAZCQS8,62.37289
ID_BLFISYF7JF,25.654785
ID_QX3LS3VN0A,65.66209
ID_D90AKJFBPN,70.689255
ID_7TC4ASNKIQ,58.751274
ID_1V35U3NZVT,85.20969
ID_SE8RK2Y0CX,62.95504
ID_H6KR8R9ZF4,56.58042
ID_G9B5ZKA2K5,57.053326
ID_5JKD223YRE,60.128777
ID_8N8TPGBHQC,61.72158
ID_09DOGT04B2,53.559128
ID_1IH2PUMV2P,71.28621
ID_FV82X2HYMG,61.533245
ID_DPHTW1I6JB,85.59437
ID_1KP7L6OBM7,60.413944
ID_1RJS0SXFJP,75.73292
ID_U9L8ZHMR1J,80.20472
ID_CPW5WB00KZ,75.17151
ID_4MQSKM3C6X,82.44919
ID_IY42199F60,80.23088
ID_Y6WVR5V7UL,57.348408
ID_ZQ7HXWIJLQ,75.859634
ID_SWYQQ4X68I,66.080894
ID_3RKKS84C8S,73.44479
ID_YONTPBL49H,51.9391
ID_OKQGXL12QI,84.346016
ID_Y5Z3DU9BTF,59.37376
ID_W0RPJ9EP60,57.204296
ID_3A5C490FAJ,71.61495
ID_WCFPOCP71V,76.47603
ID_P6OKEZHH59,37.091267
ID_K2847WKNH2,65.172775
ID_LN40V58KDX,37.33669
ID_CA3VOGH9PS,34.54797
ID_D0XQT5HDBT,53.623577
ID_WDQWJX0734,68.57941
ID_56DAH8A4IG,75.568306
ID_LSY3281PQL,71.742516
ID_VUPHGKE5YA,70.387695
ID_2SLUJIPKU2,44.497967
ID_M17NP5BTRE,62.22171
ID_38CZ40RVWK,58.304554
ID_RQDXEDGY5H,58.216003
ID_GTTGZ6FL53,61.02576
ID_8R2L8K9M29,62.22866
ID_CLZQUORMVG,59.388824
ID_3W75HPOYRA,45.968872
ID_0AI94OFW7G,80.15551
ID_MKMH4L9QZM,63.767548
ID_LM23PTZEFP,46.46964
ID_2S2SAIFGXT,47.00815
ID_PEOIMBND7X,50.978065
ID_1B3SA423BX,19.35751
ID_KL6DRAB2IY,49.35078
ID_6P1YZ7Y5V8,66.941666
ID_38VYVT9M2A,73.26059
ID_UK5P9NRGB9,42.98363
ID_T3SJ10KSI6,40.713528
ID_MT3R0ZGXF4,71.537735
ID_ZIWQAFWRLU,70.69862
ID_HLSOCIRDIO,70.973595
ID_UCIMM38TGU,58.092674
ID_EHIMUOQSG5,50.05577
ID_IHHLYWQGNG,75.18083
ID_XT4E5PTMJ0,70.5646
ID_HMZ95NCU74,54.783993
ID_3ZPZYUTYB1,64.07523
ID_5XG96Z983X,44.091408
ID_URNMHKAEHF,56.944786
ID_25NJC1JUD6,67.11112
ID_Y0LQAV5Y4S,78.40677
ID_6MOCSKT4GA,59.544685
ID_GOKNC1U1DA,73.58961
ID_YY6CUC5S5G,63.88217
ID_VZX9091XIW,52.747936
ID_51ANLSNWNE,72.03461
ID_V6KDQ2SDU6,48.321804
ID_XMCS3GA1K3,72.26042
ID_XIB4527MKP,60.77047
ID_UHF4F7JIXX,17.223791
ID_ISDDWMU0F4,29.163202
ID_1V61IUW26S,68.52639
ID_GJ0274KC82,77.35621
ID_XIO3UJD9LU,66.64855
ID_4ZC804YPOG,61.03706
ID_80Q6IPF1FJ,81.07453
ID_44XXWYBGTY,76.34643
ID_PV32HJ4RFC,61.620926
ID_1TWVBGO2DN,28.138952
ID_GTKXELEDF9,74.01225
ID_D83ZGC8EOV,67.11085
ID_V4KKXLAE26,62.194126
ID_KYYXHJCMJZ,59.40524
ID_WXV7UDP1T0,63.745163
ID_NO7WY0LDW4,79.71413
ID_TYYLR88475,45.423527
ID_6VGW8TZ5WT,76.39968
ID_0Q858QZKK7,13.954443
ID_R44FD2J62H,63.57349
ID_V2SLHWQNAU,70.18499
ID_0S2522VSU5,62.521996
ID_NUQDNTXY6N,36.504868
ID_NYL1PX9HAD,50.253418
ID_MJOMLPXIGU,77.3714
ID_UC4LMWBDPM,76.649315
ID_ZVY4JMSXC2,43.961678
ID_QRZQIN1W4M,64.49805
ID_0T5DYQ812Q,67.100975
ID_2UCOYFK1IE,56.529568
ID_01ALZXP0DJ,40.78485
ID_U1XHAMRIVH,53.578533
ID_V77YWOYLCG,59.505375
ID_MHR8CACSBF,54.992317
ID_E5NTGBJTE3,53.070206
ID_VJUAVF37T1,49.619293
ID_Q3BMKQSCTG,52.39507
ID_W7CCZQGVGC,58.382538
ID_F1NOTWAKRG,44.27337
ID_Q9PJXTNR0F,39.868126
ID_F8HO4J22V6,65.325516
ID_78PPSY5ZLV,54.088184
ID_I2J1SDB80H,87.31844
ID_Z5DF2281S4,68.26473
ID_88URUCX2PI,77.843155
ID_46V2XEXWF2,47.665596
ID_SJ2SNQTZ17,50.05542
ID_7R5C46B4M2,58.094124
ID_IR30IMBJFH,53.566895
ID_JLUSFVOMDT,67.95408
ID_K038OUY2K8,39.625782
ID_8DX3Z07736,64.95611
ID_DID07H2B4W,49.848072
ID_UGL3VO65P3,77.17765
ID_4L0R97K5PX,58.918987
ID_ZWPTQFL4D1,71.43174
ID_3T5TM216B0,64.2399
ID_ZRW3O6IFQ3,71.91481
ID_YVG37OZYSP,65.97574
ID_FJRIEEUY7X,64.82748
ID_T5DIL980Z2,61.37899
ID_DOU51HILON,66.25903
ID_90AVIB4MKJ,47.09903
ID_YY5HY9OD7Z,80.97973
ID_HI0KDBKWL1,60.09168
ID_V5ZTXA5TEF,64.22464
ID_H5N933BEAU,54.92949
ID_M4RINI5QHF,47.55264
ID_NXR8FMNN62,85.01859
ID_MG13RZJDWV,50.50039
ID_NZFG7QL5EX,42.946198
ID_DU50FEXDBO,69.8041
ID_15F81TZRQA,85.488396
ID_439O0W1CYV,38.67321
ID_TYZMIF6WP6,81.478836
ID_ABF3N1F7A2,54.905144
ID_12RZLDC74M,69.42778
ID_T1PF3GOCCK,57.066853
ID_A8DY92FB8B,75.06911
ID_4LJD8SHI19,50.1871
ID_F2ZL0PD44R,71.08623
ID_JPLZ154J6J,76.8712
ID_4VYEV14MQ7,67.470894
ID_L5E8PY25CI,62.610764
ID_U5BJYWWBYI,71.6216
ID_HTP1KIIEE9,40.360424
ID_BY1FWKFPE5,63.308907
ID_NECM58T0LT,60.74327
ID_WNQCOO89VT,71.801025
ID_6NXSRSY45V,52.89341
ID_K5TJ2I93U7,57.660934
ID_F7SJY3X73V,71.5099
ID_FZ7YTH9N6G,67.63711
ID_KFAQ37U5KM,71.67975
ID_W7SOHH7C23,69.006165
ID_YDSKM53MRU,82.80387
ID_8G76Y91K7A,72.07158
ID_XGHE9XAV9B,61.127735
ID_NQQMAZUPF9,67.60808
ID_Q3I30OAJQV,53.37029
ID_9FY15LVF4K,31.790192
ID_7T196K1F7B,81.0218
ID_IQ2ZAN6538,51.974274
ID_5LA9S29SEM,68.22097
ID_NR0AL0BT2W,42.140114
ID_7JZMNJ07A3,79.80417
ID_PGKNOK35W4,68.73637
ID_WJ7GOLMR2Z,56.182117
ID_TT55WPTHYS,59.7546
ID_71Q3BSO243,65.61434
ID_SYXPQIT2CD,72.26448
ID_8AHQPMIK8Q,36.12848
ID_MRQ7XA1MPK,56.334404
ID_K7V1T3QY77,81.36197
ID_WXA72RNS9G,59.618702
ID_V4EQR1HZXV,53.052166
ID_OOJLW21EHO,65.64685
ID_CQIU5GTRLA,73.395645
ID_CN2GULDE9P,39.107635
ID_6WNGFMX907,83.150276
ID_RY2K6SYS6K,64.96418
ID_ON6OHUHXYK,58.407616
ID_7P27IJBF4Q,65.32126
ID_IJYE9UE7YP,64.74112
ID_D08WXEHK2R,52.27923
ID_V7OQFWQBJI,78.09232
ID_XQMEMIIDEB,49.71135
ID_N86RITO6ZQ,49.474854
ID_58DCOSO6NP,74.95304
ID_NS9HATJADA,62.027355
ID_ALQ8H9RJS0,54.379562
ID_FGRLMQKDXV,70.14624
ID_XDUJT26S2C,30.087786
ID_G137JWVL0B,69.45517
ID_G5Z5UTVYMX,48.122795
ID_OL26QR0086,59.379616
ID_3XTJWE6WJ6,48.11697
ID_MFHABMQIG3,66.81464
ID_JRBQ7UXEUN,79.88997
ID_TQYE8J0RSN,81.70651
ID_GC9P6K1ZY4,22.362885
ID_1101XVFSNJ,49.21171
ID_XIFA2AQ2G0,74.28856
ID_QTT8OLSGNE,87.31554
ID_KLTI3XPX6G,78.05457
ID_U4W82YJ3A8,37.48578
ID_TN140AYJJ3,64.48562
ID_BZWH2N1SDS,60.432518
ID_K4CT1SCKBD,87.41328
ID_XM25GEU5H5,48.793037
ID_VD19XPMYMI,56.816536
ID_BP815U21JH,68.91621
ID_VNU24RHXWI,60.037735
ID_8OJ2TGVZIJ,59.125496
ID_WH2YRI9ZY2,75.59627
ID_BIY5G62HVY,45.799984
ID_V7D7S797NJ,38.624252
ID_XJ6KMJORZI,82.40821
ID_EUHIAJVMDS,82.39157
ID_3M1P3Y0GJE,73.55186
ID_3TZH32UZF0,47.406075
ID_V7I60HY8XG,53.096863
ID_KX6S9M84EX,23.427826
ID_ZJVTFLHZ1R,57.436462
ID_0TFZ5DTXVV,81.26013
ID_IX5DYQ47RM,67.85042
ID_CRZ14QR0OX,70.49156
ID_REA50SKTH1,75.50268
ID_73EIBK6P4H,36.42787
ID_BETZNYR8HS,79.16527
ID_TC3RDQ2QQC,56.32062
ID_A2GH0TOSH0,56.443962
ID_IKQK08S24O,64.910614
ID_AJ1QJFLODL,69.17308
ID_4ETZ7LUPOF,59.40631
ID_4SO6F9QJ0D,80.60917
ID_XQU79QAFG0,35.959553
ID_IJ25GC6W5A,55.58547
ID_YT8476TTL1,73.17969
ID_NYKGOYFBKZ,42.297802
ID_IWO4EVLHSQ,68.59848
ID_G1M1IMY9WU,72.834785
ID_DXV65Q1QXI,57.300438
ID_RY4ONQKO9E,41.80207
